TEAM,PLAYER,POS,GP,GS,MIN,PPG,OFFR,DEFR,RPG,APG,SPG,BPG,TPG,FPG,A/TO,FGM,FGA,FG%,3PM,3PA,3P%,FTM,FTA,FT%,2PM,2PA,2P%,PPS,AFG%
BOS,Adrian Griffin,SG,72.0,47.0,26.8,6.7,1.8,3.4,5.2,2.5,1.61,0.21,1.3,3.1,1.9,2.4,5.7,0.424,0.2,0.8,0.281,1.7,2.2,0.75,2.2,4.9,0.447,1.1740000000000002,0.44
BOS,Calbert Cheaney,SG,67.0,19.0,19.5,4.0,0.3,1.7,2.1,1.2,0.66,0.21,0.7,2.4,1.7,1.8,4.1,0.44,0.3,0.8,0.33299999999999996,0.1,0.3,0.43,1.5,3.3,0.466,0.978,0.47
BOS,Jamel Thomas,F,3.0,0.0,6.3,3.7,0.0,0.7,0.7,0.7,0.0,0.0,0.3,0.0,2.0,1.7,3.3,0.5,0.0,0.3,0.0,0.3,0.3,1.0,1.7,3.0,0.556,1.1,0.5
BOS,Walter McCarty,PF,61.0,5.0,14.4,3.8,0.5,1.3,1.8,1.1,0.39,0.38,1.1,1.4,1.0,1.3,3.8,0.33899999999999997,0.6,1.8,0.309,0.6,0.9,0.72,0.7,2.0,0.36700000000000005,0.996,0.41
BOS,Kenny Anderson,PG,82.0,82.0,31.6,14.0,0.7,2.1,2.7,5.1,1.7,0.1,1.6,2.8,3.2,5.3,12.0,0.44,1.0,2.7,0.386,2.4,3.1,0.77,4.3,9.3,0.456,1.165,0.48
BOS,Eric Williams,PF,68.0,17.0,20.3,7.2,0.8,1.5,2.3,1.4,0.65,0.24,1.0,2.4,1.4,2.4,5.7,0.42700000000000005,0.4,1.1,0.34700000000000003,2.0,2.5,0.79,2.0,4.6,0.446,1.2670000000000001,0.46
BOS,Paul Pierce,SF,73.0,72.0,35.4,19.5,1.1,4.3,5.4,3.0,2.08,0.85,2.4,3.2,1.2,6.7,15.1,0.442,1.3,3.8,0.34299999999999997,4.9,6.2,0.8,5.4,11.3,0.47600000000000003,1.298,0.49
BOS,Vitaly Potapenko,C,79.0,72.0,22.7,9.2,2.3,4.0,6.3,1.0,0.52,0.37,1.8,3.0,0.5,3.9,7.8,0.499,0.0,0.0,0.0,1.4,2.0,0.68,3.9,7.8,0.5,1.176,0.5
BOS,Dana Barros,PG,72.0,0.0,15.8,7.2,0.2,1.2,1.4,1.8,0.43,0.06,0.9,1.1,2.0,2.7,6.0,0.451,0.8,2.0,0.41,0.9,1.1,0.87,1.9,4.0,0.47100000000000003,1.189,0.52
BOS,Wayne Turner,G,3.0,0.0,13.7,1.3,0.3,0.7,1.0,1.7,0.0,0.0,1.0,1.3,1.7,0.3,2.0,0.16699999999999998,0.0,0.0,0.0,0.7,2.0,0.33,0.3,2.0,0.16699999999999998,0.667,0.17
BOS,Tony Battie,C,82.0,4.0,18.4,6.6,1.9,3.1,5.0,0.8,0.57,0.85,0.8,3.0,0.9,2.7,5.6,0.47700000000000004,0.0,0.1,0.125,1.2,1.8,0.68,2.7,5.5,0.483,1.179,0.48
BOS,Danny Fortson,C,55.0,5.0,15.6,7.6,2.6,4.1,6.7,0.5,0.36,0.09,1.2,3.3,0.4,2.5,4.8,0.528,0.0,0.0,0.0,2.5,3.4,0.74,2.5,4.8,0.528,1.581,0.53
BOS,Pervis Ellison,F,30.0,5.0,9.0,1.8,1.0,1.3,2.2,0.4,0.33,0.27,0.4,2.2,1.0,0.6,1.4,0.442,0.0,0.0,0.0,0.5,0.7,0.71,0.6,1.4,0.442,1.2329999999999999,0.44
BOS,Doug Overton,PG,48.0,0.0,9.0,3.2,0.3,0.4,0.7,1.1,0.21,0.0,0.4,1.0,2.7,1.3,3.2,0.396,0.2,0.6,0.35700000000000004,0.4,0.4,0.95,1.1,2.6,0.405,0.987,0.43
BOS,Antoine Walker,PF,82.0,82.0,36.6,20.5,2.4,5.5,8.0,3.7,1.43,0.39,3.2,3.2,1.2,7.9,18.4,0.43,0.9,3.5,0.256,3.8,5.4,0.7,7.0,14.9,0.47100000000000003,1.1159999999999999,0.45
BKN,Stephon Marbury,PG,74.0,74.0,38.9,22.2,0.8,2.4,3.2,8.4,1.51,0.2,3.6,2.6,2.3,7.7,17.8,0.43200000000000005,0.9,3.1,0.28300000000000003,5.9,7.2,0.81,6.8,14.7,0.46399999999999997,1.245,0.46
BKN,Michael Cage,C,20.0,7.0,12.1,1.4,1.7,2.4,4.1,0.5,0.4,0.4,0.2,1.5,2.3,0.6,1.2,0.5,0.0,0.0,0.0,0.2,0.2,1.0,0.6,1.2,0.5,1.125,0.5
BKN,Scott Burrell,G,74.0,9.0,18.1,6.1,0.9,2.6,3.5,1.0,0.91,0.59,0.5,2.3,1.9,2.2,5.7,0.39399999999999996,1.1,3.1,0.353,0.5,0.7,0.78,1.1,2.6,0.444,1.0759999999999998,0.49
BKN,Sherman Douglas,G,20.0,2.0,15.5,6.0,0.7,0.8,1.5,1.7,0.85,0.0,1.2,1.3,1.4,2.3,4.5,0.5,0.3,0.8,0.313,1.3,1.4,0.89,2.0,3.7,0.541,1.3330000000000002,0.53
BKN,Johnny Newman,F,82.0,9.0,21.5,10.0,0.5,1.4,1.9,0.8,0.65,0.13,1.1,2.5,0.7,3.4,7.6,0.446,0.9,2.3,0.379,2.3,2.8,0.84,2.5,5.3,0.47600000000000003,1.3159999999999998,0.5
BKN,Kendall Gill,SF,76.0,75.0,31.0,13.1,1.1,2.6,3.7,2.8,1.83,0.54,1.2,2.8,2.4,5.2,12.6,0.414,0.3,1.0,0.256,2.4,3.4,0.71,4.9,11.6,0.428,1.0390000000000001,0.42
BKN,Gheorghe Muresan,C,30.0,2.0,8.9,3.5,0.8,1.5,2.3,0.3,0.0,0.4,0.5,1.7,0.6,1.4,3.0,0.456,0.0,0.0,0.0,0.8,1.3,0.61,1.4,3.0,0.456,1.167,0.46
BKN,Elliot Perry,G,60.0,5.0,13.4,5.3,0.2,0.8,1.0,2.3,0.65,0.02,1.0,0.8,2.3,2.1,4.9,0.435,0.2,0.7,0.282,0.8,1.0,0.81,1.9,4.2,0.45899999999999996,1.078,0.45
BKN,Jamie Feick,F,81.0,17.0,27.7,5.7,3.3,6.1,9.3,0.8,0.53,0.47,0.7,2.5,1.2,2.2,5.2,0.428,0.0,0.0,1.0,1.2,1.6,0.71,2.2,5.2,0.424,1.085,0.43
BKN,Lucious Harris,SG,77.0,11.0,19.6,6.7,0.7,1.7,2.4,1.3,0.84,0.08,0.5,1.3,2.4,2.6,6.0,0.428,0.5,1.5,0.33,1.0,1.3,0.8,2.1,4.5,0.46,1.1079999999999999,0.47
BKN,Mark Hendrickson,F,5.0,0.0,4.8,0.2,0.2,0.2,0.4,0.6,0.0,0.0,0.0,0.2,0.0,0.0,0.2,0.0,0.0,0.0,0.0,0.2,0.4,0.5,0.0,0.2,0.0,1.0,0.0
BKN,Evan Eschmeyer,C,31.0,5.0,12.0,2.9,1.3,2.2,3.5,0.7,0.26,0.68,0.7,2.7,1.0,1.2,2.3,0.528,0.0,0.0,0.0,0.5,1.0,0.5,1.2,2.3,0.528,1.264,0.53
BKN,Kerry Kittles,SG,62.0,61.0,30.6,13.0,0.7,2.9,3.6,2.3,1.27,0.31,0.9,1.9,2.5,4.9,11.3,0.43700000000000006,1.5,3.9,0.4,1.6,2.0,0.8,3.4,7.4,0.456,1.156,0.51
BKN,Keith Van Horn,PF,80.0,80.0,34.8,19.2,2.5,6.0,8.5,2.0,0.8,0.75,3.1,3.2,0.6,7.0,15.7,0.445,1.1,2.9,0.368,4.2,4.9,0.85,5.9,12.8,0.462,1.2209999999999999,0.48
BKN,Jim McIlvaine,C,66.0,53.0,15.9,2.4,1.6,1.9,3.5,0.5,0.39,1.77,0.6,3.1,0.9,1.0,2.3,0.41600000000000004,0.0,0.0,0.0,0.4,0.8,0.52,1.0,2.3,0.41600000000000004,1.0190000000000001,0.42
NY,Patrick Ewing,C,62.0,62.0,32.8,15.0,2.3,7.5,9.7,0.9,0.58,1.35,2.3,3.2,0.4,5.8,12.5,0.466,0.0,0.0,0.0,3.3,4.6,0.73,5.8,12.5,0.467,1.199,0.47
NY,John Wallace,SF,60.0,0.0,13.3,6.5,0.7,1.6,2.3,0.4,0.17,0.23,1.1,1.7,0.3,2.6,5.5,0.467,0.0,0.1,0.0,1.4,1.7,0.8,2.6,5.4,0.47100000000000003,1.181,0.47
NY,DeMarco Johnson,F,5.0,0.0,7.4,1.2,0.6,0.8,1.4,0.0,0.2,0.0,0.6,1.0,0.0,0.6,1.8,0.33299999999999996,0.0,0.0,0.0,0.0,0.0,0.0,0.6,1.8,0.33299999999999996,0.667,0.33
NY,David Wingate,G,7.0,0.0,4.6,0.3,0.1,0.1,0.3,0.4,0.14,0.29,0.3,1.0,1.5,0.1,1.3,0.111,0.0,0.0,0.0,0.0,0.0,0.0,0.1,1.3,0.111,0.222,0.11
NY,Kurt Thomas,PF,80.0,21.0,24.6,8.0,1.8,4.5,6.3,1.0,0.64,0.53,1.3,3.5,0.8,3.4,6.7,0.505,0.0,0.0,0.33299999999999996,1.3,1.6,0.78,3.4,6.7,0.506,1.198,0.51
NY,Chris Dudley,C,47.0,3.0,9.8,1.2,1.3,1.6,2.9,0.1,0.15,0.45,0.4,2.0,0.3,0.5,1.4,0.34299999999999997,0.0,0.0,0.0,0.2,0.6,0.33,0.5,1.4,0.34299999999999997,0.821,0.34
NY,Rick Brunson,PG,37.0,0.0,7.8,1.9,0.1,0.6,0.7,1.3,0.24,0.03,0.8,0.9,1.6,0.8,1.9,0.414,0.1,0.4,0.154,0.3,0.5,0.61,0.7,1.5,0.474,1.014,0.43
NY,Chris Childs,G,71.0,2.0,23.6,5.3,0.2,1.8,2.1,4.0,0.51,0.06,1.5,3.4,2.7,2.1,5.0,0.409,0.5,1.5,0.35600000000000004,0.7,0.8,0.8,1.6,3.5,0.431,1.053,0.46
NY,Andrew Lang,C,19.0,10.0,12.8,3.1,0.8,2.3,3.2,0.2,0.42,0.32,0.3,1.6,0.6,1.5,3.4,0.43799999999999994,0.0,0.0,0.0,0.2,0.4,0.43,1.5,3.4,0.43799999999999994,0.922,0.44
NY,Charlie Ward,PG,72.0,69.0,27.6,7.3,0.3,2.9,3.2,4.2,1.32,0.22,1.4,2.4,2.9,2.6,6.2,0.423,1.4,3.7,0.386,0.7,0.8,0.83,1.2,2.5,0.475,1.181,0.54
NY,Latrell Sprewell,SG,82.0,82.0,40.0,18.6,0.6,3.7,4.3,4.0,1.33,0.27,2.8,2.2,1.5,6.9,15.9,0.435,0.5,1.5,0.34600000000000003,4.2,4.8,0.87,6.4,14.4,0.445,1.168,0.45
NY,Mirsad Turkcan,F,7.0,0.0,3.6,0.6,0.3,1.1,1.4,0.1,0.29,0.0,0.1,0.6,1.0,0.3,1.4,0.2,0.0,0.3,0.0,0.0,0.0,0.0,0.3,1.1,0.25,0.4,0.2
NY,Marcus Camby,C,59.0,11.0,26.2,10.2,2.9,4.9,7.8,0.8,0.73,1.97,1.2,3.5,0.7,3.8,8.0,0.48,0.0,0.0,0.5,2.5,3.7,0.67,3.8,8.0,0.48,1.276,0.48
NY,Allan Houston,SG,82.0,82.0,38.6,19.7,0.5,2.8,3.3,2.7,0.79,0.17,2.3,2.7,1.2,7.5,15.5,0.483,1.3,3.0,0.436,3.4,4.1,0.84,6.2,12.5,0.494,1.27,0.52
NY,Etdrick Bohannon,F,2.0,0.0,2.5,1.5,0.5,0.0,0.5,0.0,0.0,0.0,1.0,0.5,0.0,0.0,0.0,0.0,0.0,0.0,0.0,1.5,2.0,0.75,0.0,0.0,0.0,0.0,0.0
NY,Larry Johnson,F,70.0,68.0,32.6,10.7,1.2,4.2,5.4,2.5,0.6,0.1,1.3,2.9,1.9,4.0,9.3,0.433,0.8,2.5,0.33299999999999996,1.8,2.4,0.77,3.2,6.8,0.469,1.15,0.48
PHI,George Lynch,SF,75.0,75.0,32.2,9.6,2.9,4.9,7.8,1.8,1.59,0.51,1.6,3.1,1.1,4.0,8.6,0.461,0.2,0.5,0.41700000000000004,1.5,2.4,0.62,3.8,8.1,0.46399999999999997,1.121,0.47
PHI,Theo Ratliff,C,57.0,56.0,31.5,11.9,2.5,5.2,7.6,0.6,0.56,3.0,1.9,3.2,0.3,4.3,8.6,0.503,0.0,0.0,0.0,3.2,4.1,0.77,4.3,8.6,0.503,1.3769999999999998,0.5
PHI,Ira Bowman,G,11.0,0.0,1.8,0.5,0.0,0.2,0.2,0.1,0.09,0.0,0.1,0.0,1.0,0.2,0.2,1.0,0.0,0.0,0.0,0.1,0.2,0.5,0.2,0.2,1.0,2.5,1.0
PHI,Antonio Lang,F,3.0,0.0,2.0,1.0,0.0,0.0,0.0,0.3,0.0,0.0,0.0,0.3,0.0,0.3,0.3,1.0,0.0,0.0,0.0,0.3,0.3,1.0,0.3,0.3,1.0,3.0,1.0
PHI,Billy Owens,F,46.0,7.0,20.0,5.9,1.4,2.8,4.2,1.3,0.57,0.35,1.3,2.6,1.0,2.4,5.6,0.434,0.2,0.6,0.33299999999999996,0.8,1.4,0.59,2.2,5.0,0.446,1.05,0.45
PHI,Bruce Bowen,SF,42.0,0.0,7.4,1.4,0.3,0.5,0.9,0.4,0.21,0.12,0.1,0.9,3.2,0.6,1.7,0.35600000000000004,0.0,0.0,0.5,0.1,0.3,0.5,0.6,1.7,0.35200000000000004,0.8079999999999999,0.36
PHI,Nazr Mohammed,C,28.0,3.0,6.8,1.9,0.6,1.2,1.8,0.1,0.14,0.43,0.6,1.0,0.1,0.8,1.9,0.389,0.0,0.0,0.0,0.4,0.8,0.55,0.8,1.9,0.389,1.0,0.39
PHI,Allen Iverson,SG,70.0,70.0,40.8,28.4,1.0,2.8,3.8,4.7,2.06,0.07,3.3,2.3,1.4,10.4,24.8,0.42100000000000004,1.3,3.7,0.341,6.3,8.9,0.71,9.1,21.1,0.435,1.148,0.45
PHI,Larry Hughes,SG,50.0,5.0,20.4,10.0,1.0,2.1,3.2,1.5,1.08,0.24,1.9,1.9,0.8,3.8,9.2,0.41600000000000004,0.2,1.0,0.21600000000000003,2.1,2.8,0.75,3.6,8.2,0.441,1.087,0.43
PHI,Eric Snow,PG,82.0,80.0,35.0,7.9,0.5,2.7,3.2,7.6,1.71,0.1,2.0,3.0,3.9,3.1,7.3,0.43,0.1,0.5,0.244,1.5,2.2,0.71,3.0,6.8,0.446,1.09,0.44
PHI,Stanley Roberts,C,5.0,1.0,10.2,2.0,1.2,1.8,3.0,0.6,0.2,0.2,0.4,3.0,1.5,1.0,3.2,0.313,0.0,0.2,0.0,0.0,0.6,0.0,1.0,3.0,0.33299999999999996,0.625,0.31
PHI,Tyrone Hill,PF,68.0,65.0,31.7,12.0,3.2,6.0,9.2,0.8,0.94,0.4,1.8,3.6,0.4,4.7,9.6,0.485,0.0,0.0,0.0,2.6,3.8,0.69,4.7,9.6,0.485,1.242,0.48
PHI,Toni Kukoc,SF,32.0,8.0,28.6,12.4,1.2,3.3,4.5,4.4,1.03,0.28,2.2,1.9,2.0,4.7,10.6,0.43799999999999994,0.8,2.8,0.289,2.3,3.4,0.67,3.9,7.8,0.49200000000000005,1.171,0.48
PHI,Jumaine Jones,SF,33.0,0.0,4.2,1.7,0.5,0.7,1.2,0.2,0.18,0.15,0.4,0.3,0.4,0.7,1.8,0.379,0.1,0.1,0.5,0.3,0.5,0.61,0.6,1.7,0.37,0.983,0.4
PHI,Aaron McKie,SG,82.0,14.0,23.8,8.0,0.6,2.4,3.0,2.9,1.32,0.22,1.4,2.4,2.1,3.0,7.2,0.41100000000000003,0.5,1.5,0.364,1.5,1.8,0.83,2.5,5.7,0.424,1.101,0.45
PHI,Matt Geiger,C,65.0,20.0,21.6,9.7,2.4,3.6,6.0,0.6,0.45,0.34,1.4,3.0,0.4,4.0,9.1,0.441,0.0,0.1,0.0,1.7,2.2,0.78,4.0,9.0,0.444,1.068,0.44
PHI,Todd MacCulloch,C,56.0,6.0,9.4,3.7,0.9,1.8,2.6,0.2,0.2,0.66,0.5,1.7,0.5,1.6,2.9,0.5529999999999999,0.0,0.0,0.0,0.5,1.0,0.52,1.6,2.9,0.5529999999999999,1.28,0.55
PHI,Kevin Ollie,PG,40.0,0.0,7.3,1.8,0.1,0.7,0.8,1.2,0.25,0.0,0.3,0.7,4.6,0.6,1.2,0.449,0.0,0.0,0.0,0.7,0.9,0.76,0.6,1.2,0.449,1.469,0.45
TOR,Alvin Williams,PG,55.0,28.0,14.2,5.3,0.5,1.1,1.5,2.3,0.62,0.2,0.9,1.4,2.7,2.1,5.2,0.397,0.3,1.0,0.29100000000000004,0.9,1.2,0.74,1.8,4.2,0.42200000000000004,1.0170000000000001,0.43
TOR,Haywoode Workman,G,13.0,1.0,7.8,1.5,0.0,0.7,0.7,1.3,0.69,0.0,0.3,1.1,4.3,0.6,2.2,0.28600000000000003,0.2,1.1,0.214,0.1,0.2,0.5,0.4,1.1,0.35700000000000004,0.7140000000000001,0.34
TOR,Muggsy Bogues,G,80.0,5.0,21.6,5.1,0.3,1.4,1.7,3.7,0.81,0.05,0.7,1.5,5.1,2.0,4.5,0.439,0.2,0.6,0.33299999999999996,1.0,1.1,0.91,1.8,3.9,0.456,1.145,0.46
TOR,Antonio Davis,PF,79.0,78.0,31.4,11.5,3.0,5.8,8.8,1.3,0.48,1.27,1.5,3.4,0.9,4.0,9.0,0.44,0.0,0.0,0.0,3.6,4.7,0.77,4.0,9.0,0.44,1.278,0.44
TOR,Doug Christie,SG,73.0,73.0,31.0,12.4,0.9,3.0,3.9,4.4,1.4,0.59,2.0,2.3,2.2,4.3,10.5,0.40700000000000003,1.4,3.8,0.36,2.5,3.0,0.84,2.9,6.7,0.434,1.182,0.47
TOR,Vince Carter,SG,82.0,82.0,38.1,25.7,1.8,4.0,5.8,3.9,1.34,1.12,2.2,3.2,1.8,9.6,20.7,0.465,1.2,2.9,0.40299999999999997,5.3,6.7,0.79,8.4,17.8,0.475,1.242,0.49
TOR,Antonio Lang,F,7.0,0.0,4.6,0.4,0.0,0.7,0.7,0.1,0.57,0.14,0.3,1.0,0.5,0.0,0.7,0.0,0.0,0.0,0.0,0.4,0.6,0.75,0.0,0.7,0.0,0.6,0.0
TOR,Kevin Willis,C,79.0,1.0,21.3,7.6,2.5,3.6,6.1,0.6,0.46,0.61,1.2,3.2,0.5,3.0,7.2,0.415,0.0,0.0,0.33299999999999996,1.7,2.1,0.8,3.0,7.2,0.415,1.062,0.42
TOR,Dee Brown,G,38.0,12.0,17.7,6.9,0.2,1.2,1.4,2.3,0.63,0.13,1.0,1.6,2.2,2.4,6.8,0.36,1.8,4.9,0.358,0.3,0.4,0.69,0.6,1.9,0.366,1.023,0.49
TOR,Aleksandar Radojevic,C,3.0,0.0,8.0,2.3,0.7,2.0,2.7,0.3,0.67,0.33,1.7,1.7,0.2,0.7,2.3,0.28600000000000003,0.0,0.0,0.0,1.0,2.0,0.5,0.7,2.3,0.28600000000000003,1.0,0.29
TOR,Sean Marks,PF,5.0,0.0,2.4,1.6,0.0,0.4,0.4,0.0,0.2,0.2,0.6,0.6,0.0,0.4,1.2,0.33299999999999996,0.0,0.2,0.0,0.8,0.8,1.0,0.4,1.0,0.4,1.3330000000000002,0.33
TOR,Tracy McGrady,SG,79.0,34.0,31.2,15.4,2.4,4.0,6.3,3.3,1.14,1.91,2.0,2.5,1.6,5.8,12.9,0.451,0.2,0.8,0.27699999999999997,3.5,5.0,0.71,5.6,12.1,0.46299999999999997,1.192,0.46
TOR,Dell Curry,G,67.0,9.0,16.3,7.6,0.2,1.3,1.5,1.3,0.48,0.13,0.6,1.0,2.2,2.9,6.8,0.42700000000000005,1.4,3.6,0.39299999999999996,0.4,0.5,0.75,1.5,3.2,0.467,1.117,0.53
TOR,Charles Oakley,PF,80.0,80.0,30.4,6.9,1.5,5.3,6.8,3.2,1.28,0.56,1.9,3.7,1.6,2.9,7.0,0.418,0.2,0.5,0.341,0.8,1.1,0.78,2.7,6.5,0.424,0.9790000000000001,0.43
TOR,Michael Stewart,PF,42.0,1.0,9.3,1.4,0.8,1.5,2.2,0.1,0.12,0.45,0.4,1.9,0.4,0.5,1.3,0.377,0.0,0.0,0.0,0.4,0.8,0.56,0.5,1.3,0.377,1.094,0.38
TOR,John Thomas,C,55.0,6.0,8.7,2.1,0.7,0.7,1.4,0.2,0.22,0.25,0.3,1.9,0.6,0.9,1.9,0.45799999999999996,0.0,0.0,0.0,0.3,0.7,0.39,0.9,1.9,0.462,1.065,0.46
GS,Billy Owens,F,16.0,4.0,24.1,6.4,2.3,4.6,6.8,2.4,0.44,0.31,1.5,2.9,1.6,2.4,6.3,0.38,0.1,0.4,0.28600000000000003,1.6,2.6,0.6,2.3,5.9,0.387,1.03,0.39
GS,Jason Caffey,F,71.0,56.0,30.4,12.0,2.7,4.1,6.8,1.7,0.87,0.28,2.4,3.8,0.7,4.5,9.5,0.479,0.0,0.0,0.0,2.9,4.9,0.6,4.5,9.5,0.48,1.262,0.48
GS,Mark Davis,G,23.0,7.0,20.2,6.2,1.3,2.3,3.7,1.7,1.09,0.17,1.7,2.3,1.0,2.4,6.0,0.409,0.0,0.1,0.0,1.3,2.0,0.66,2.4,5.9,0.415,1.044,0.41
GS,Mookie Blaylock,G,73.0,72.0,33.7,11.3,0.8,2.9,3.7,6.7,2.0,0.3,2.0,1.7,3.4,4.5,11.5,0.391,1.4,4.1,0.336,0.9,1.3,0.71,3.1,7.4,0.42200000000000004,0.982,0.45
GS,Adonal Foyle,C,76.0,59.0,21.8,5.5,2.3,3.3,5.6,0.6,0.34,1.79,0.9,2.9,0.6,2.5,5.0,0.508,0.0,0.0,0.0,0.4,1.2,0.38,2.5,5.0,0.508,1.105,0.51
GS,Antawn Jamison,PF,43.0,41.0,36.2,19.6,4.0,4.3,8.3,2.1,0.7,0.35,2.6,2.7,0.8,8.3,17.6,0.47100000000000003,0.0,0.2,0.28600000000000003,3.0,4.8,0.61,8.3,17.4,0.473,1.112,0.47
GS,Sam Jacobson,G,49.0,5.0,13.5,5.0,0.5,0.9,1.4,0.6,0.59,0.06,0.6,2.3,1.0,2.1,4.1,0.507,0.2,0.5,0.375,0.6,0.8,0.77,1.9,3.6,0.525,1.207,0.53
GS,Tony Farmer,F,74.0,9.0,16.2,6.3,1.6,2.4,4.0,1.0,0.89,0.22,1.1,2.3,0.9,1.7,4.2,0.40700000000000003,0.1,0.6,0.182,2.7,3.6,0.77,1.6,3.6,0.444,1.49,0.42
GS,Erick Dampier,C,21.0,12.0,23.6,8.0,2.3,4.1,6.4,0.9,0.38,0.71,1.4,3.6,0.7,3.3,8.2,0.405,0.0,0.0,0.0,1.3,2.4,0.53,3.3,8.2,0.405,0.965,0.4
GS,Larry Hughes,SG,32.0,32.0,40.8,22.7,1.9,4.0,5.9,4.1,1.91,0.5,3.1,3.0,1.3,8.3,21.4,0.389,0.6,2.3,0.243,5.4,7.3,0.74,7.7,19.1,0.40700000000000003,1.057,0.4
GS,Drew Barry,G,8.0,0.0,10.6,2.8,0.0,1.0,1.0,2.1,0.25,0.0,0.8,1.8,2.8,1.1,2.3,0.5,0.4,1.1,0.33299999999999996,0.1,0.3,0.5,0.7,1.2,0.667,1.222,0.58
GS,Tim Legler,G,23.0,4.0,12.3,3.3,0.2,0.8,1.0,1.0,0.17,0.04,0.3,1.4,4.0,1.2,3.4,0.359,0.3,0.9,0.33299999999999996,0.6,0.8,0.78,0.9,2.5,0.368,0.987,0.4
GS,Chris Carr,G,7.0,0.0,10.6,5.6,0.7,1.1,1.9,0.4,0.0,0.14,0.7,1.7,0.6,1.6,4.7,0.33299999999999996,0.1,1.1,0.125,2.3,2.7,0.84,1.5,3.6,0.4,1.182,0.35
GS,Jamel Thomas,F,4.0,0.0,6.8,1.5,0.3,0.5,0.8,1.0,0.25,0.0,1.0,0.5,1.0,0.8,2.0,0.375,0.0,0.5,0.0,0.0,0.0,0.0,0.8,1.5,0.5,0.75,0.38
GS,Terry Cummings,F,22.0,0.0,18.1,8.4,2.0,2.8,4.9,1.0,0.59,0.36,1.2,3.4,0.8,3.5,8.0,0.429,0.0,0.0,0.0,1.5,1.8,0.82,3.5,8.0,0.429,1.04,0.43
GS,Bill Curley,F,24.0,0.0,10.8,2.7,0.6,1.2,1.8,0.6,0.46,0.17,0.7,2.1,0.8,1.0,2.4,0.40399999999999997,0.0,0.0,0.0,0.8,1.0,0.72,1.0,2.4,0.41100000000000003,1.123,0.4
GS,Damon Jones,PG,13.0,1.0,15.1,5.2,0.0,1.2,1.2,3.0,0.46,0.0,1.2,1.0,2.6,1.9,4.2,0.46299999999999997,0.8,1.8,0.478,0.5,0.7,0.78,1.1,2.4,0.452,1.2590000000000001,0.56
GS,Tim Young,C,25.0,0.0,5.5,2.2,0.5,0.9,1.4,0.2,0.08,0.04,0.4,0.7,0.6,0.5,1.6,0.33299999999999996,0.0,0.0,0.0,1.1,1.4,0.78,0.5,1.6,0.33299999999999996,1.385,0.33
GS,Sam Mack,G,23.0,5.0,14.5,5.0,0.3,1.4,1.7,1.0,0.78,0.04,0.8,2.0,1.3,1.6,5.3,0.303,0.9,2.8,0.32799999999999996,0.8,0.9,0.95,0.7,2.5,0.276,0.934,0.39
GS,John Starks,G,33.0,30.0,33.6,14.7,0.3,2.5,2.8,5.2,1.12,0.09,1.9,2.8,2.7,5.8,15.4,0.37799999999999995,1.7,4.9,0.348,1.4,1.6,0.83,4.1,10.5,0.392,0.955,0.43
GS,Donyell Marshall,PF,64.0,51.0,32.4,14.2,3.0,7.0,10.0,2.6,1.06,1.06,1.9,2.8,1.4,5.2,13.1,0.39399999999999996,0.8,2.2,0.355,3.1,4.0,0.78,4.4,10.9,0.402,1.083,0.42
GS,Chris Mills,SF,20.0,11.0,32.5,16.1,2.3,3.9,6.2,2.4,0.9,0.2,1.3,3.0,1.9,6.2,14.6,0.42100000000000004,0.4,1.5,0.267,3.4,4.2,0.81,5.8,13.1,0.439,1.103,0.43
GS,Vonteego Cummings,PG,75.0,11.0,23.9,9.4,0.8,1.7,2.5,3.3,1.21,0.17,1.8,2.3,1.9,3.5,8.7,0.405,0.7,2.0,0.325,1.7,2.3,0.75,2.8,6.7,0.429,1.078,0.44
LAC,Eric Murdock,G,40.0,15.0,17.3,5.6,0.4,1.6,1.9,2.7,1.18,0.13,1.5,1.7,1.9,2.0,5.1,0.385,0.4,1.1,0.381,1.3,2.0,0.64,1.6,4.0,0.387,1.0979999999999999,0.42
LAC,Jeff McInnis,PG,25.0,10.0,23.9,7.2,0.7,2.2,2.9,3.6,0.6,0.08,1.1,2.2,3.3,3.2,7.4,0.43,0.3,0.8,0.33299999999999996,0.5,0.7,0.76,2.9,6.6,0.442,0.968,0.45
LAC,Marty Conlon,F,3.0,0.0,3.0,0.7,0.3,0.3,0.7,0.0,0.0,0.0,0.0,0.3,0.0,0.3,0.7,0.5,0.0,0.0,0.0,0.0,0.0,0.0,0.3,0.7,0.5,1.0,0.5
LAC,Lamar Odom,PF,76.0,70.0,36.4,16.6,2.1,5.7,7.8,4.2,1.2,1.25,3.4,3.8,1.2,5.9,13.5,0.43799999999999994,0.8,2.2,0.36,4.0,5.5,0.72,5.1,11.3,0.45299999999999996,1.229,0.47
LAC,Charles Jones,G,56.0,0.0,11.8,3.4,0.3,0.8,1.1,1.7,0.54,0.09,0.5,0.8,3.4,1.2,3.6,0.32799999999999996,0.7,2.1,0.331,0.3,0.4,0.74,0.5,1.5,0.325,0.935,0.43
LAC,Keith Closs,C,57.0,6.0,14.4,4.2,1.1,2.0,3.1,0.4,0.23,1.28,0.6,1.4,0.7,1.7,3.5,0.48700000000000004,0.0,0.1,0.0,0.8,1.4,0.59,1.7,3.4,0.495,1.208,0.49
LAC,Derek Anderson,SG,64.0,58.0,34.4,16.9,1.3,2.8,4.0,3.4,1.41,0.17,2.6,2.3,1.3,5.9,13.4,0.43799999999999994,0.9,2.8,0.309,4.2,4.8,0.88,5.0,10.6,0.47200000000000003,1.256,0.47
LAC,Etdrick Bohannon,F,11.0,0.0,10.3,2.4,1.1,1.6,2.7,0.5,0.18,0.55,0.7,2.2,0.6,0.6,1.2,0.5379999999999999,0.0,0.0,0.0,1.1,1.8,0.6,0.6,1.2,0.5379999999999999,2.0,0.54
LAC,Eric Piatkowski,SG,75.0,23.0,22.8,8.7,1.0,2.0,3.0,1.1,0.59,0.17,0.8,1.9,1.4,3.2,7.6,0.415,1.2,3.2,0.38299999999999995,1.1,1.3,0.85,2.0,4.4,0.439,1.141,0.5
LAC,Maurice Taylor,PF,62.0,60.0,35.9,17.1,1.5,4.9,6.5,1.6,0.82,0.77,2.7,3.5,0.6,7.4,15.9,0.46399999999999997,0.0,0.1,0.125,2.3,3.2,0.71,7.4,15.8,0.466,1.073,0.46
LAC,Troy Hudson,PG,62.0,38.0,25.7,8.8,0.5,1.9,2.4,3.9,0.69,0.0,1.7,1.0,2.2,3.3,8.7,0.377,1.0,3.1,0.311,1.2,1.5,0.81,2.3,5.6,0.414,1.0070000000000001,0.43
LAC,Pete Chilcutt,F,24.0,2.0,14.5,3.0,1.1,2.2,3.3,0.7,0.42,0.25,0.5,1.6,1.5,1.3,2.6,0.49200000000000005,0.2,0.7,0.313,0.3,0.3,1.0,1.1,1.9,0.5529999999999999,1.159,0.53
LAC,Michael Olowokandi,C,80.0,77.0,31.2,9.8,2.4,5.8,8.2,0.5,0.44,1.75,2.2,3.8,0.2,4.1,9.5,0.43700000000000006,0.0,0.0,0.0,1.5,2.4,0.65,4.1,9.5,0.43700000000000006,1.036,0.44
LAC,Tyrone Nesby,F,73.0,39.0,31.7,13.3,1.1,2.6,3.8,1.7,1.03,0.42,1.4,2.8,1.2,5.0,12.5,0.39799999999999996,1.3,3.8,0.335,2.1,2.6,0.79,3.7,8.7,0.426,1.063,0.45
LAC,Mario Bennett,F,1.0,0.0,3.0,0.0,1.0,1.0,2.0,0.0,0.0,0.0,0.0,1.0,0.0,0.0,3.0,0.0,0.0,0.0,0.0,0.0,0.0,0.0,0.0,3.0,0.0,0.0,0.0
LAC,Anthony Avent,C,49.0,3.0,7.7,1.7,0.5,1.0,1.5,0.2,0.33,0.31,0.5,1.3,0.5,0.6,2.0,0.302,0.0,0.0,0.0,0.5,0.7,0.72,0.6,2.0,0.302,0.8440000000000001,0.3
LAC,Brian Skinner,PF,33.0,9.0,23.5,5.4,1.9,4.2,6.1,0.3,0.48,1.33,1.1,2.3,0.3,2.1,4.1,0.507,0.0,0.0,0.0,1.3,2.0,0.66,2.1,4.1,0.507,1.3359999999999999,0.51
LAL,Shaquille O'Neal,C,79.0,79.0,40.0,29.7,4.3,9.4,13.6,3.8,0.46,3.03,2.8,3.2,1.3,12.1,21.1,0.574,0.0,0.0,0.0,5.5,10.4,0.52,12.1,21.1,0.575,1.4080000000000001,0.57
LAL,Ron Harper,G,80.0,78.0,25.5,7.0,1.2,3.0,4.2,3.4,1.06,0.49,1.7,2.1,2.0,2.7,6.6,0.39899999999999997,0.4,1.3,0.311,1.3,1.8,0.68,2.3,5.3,0.42100000000000004,1.0490000000000002,0.43
LAL,Rick Fox,SF,82.0,1.0,18.0,6.5,0.8,1.6,2.4,1.7,0.63,0.32,1.1,2.5,1.6,2.5,6.1,0.414,0.7,2.2,0.326,0.8,1.0,0.81,1.8,3.9,0.46399999999999997,1.072,0.47
LAL,Brian Shaw,G,74.0,2.0,16.9,4.1,0.6,2.3,2.9,2.7,0.47,0.19,1.0,1.4,2.7,1.7,4.4,0.382,0.2,0.8,0.31,0.6,0.7,0.76,1.5,3.6,0.39799999999999996,0.9470000000000001,0.41
LAL,Sam Jacobson,G,3.0,0.0,6.0,3.3,0.0,0.3,0.3,0.7,0.33,0.0,0.7,0.3,1.0,1.7,3.0,0.556,0.0,0.0,0.0,0.0,0.7,0.0,1.7,3.0,0.556,1.111,0.56
LAL,A.C. Green,F,82.0,82.0,23.5,5.0,2.0,4.0,5.9,1.0,0.65,0.22,0.6,1.5,1.5,2.1,4.7,0.447,0.0,0.0,0.25,0.8,1.2,0.69,2.1,4.7,0.449,1.067,0.45
LAL,Travis Knight,C,63.0,0.0,6.5,1.7,0.7,1.3,2.0,0.4,0.1,0.37,0.4,1.4,0.9,0.7,1.9,0.39,0.0,0.0,0.0,0.3,0.4,0.61,0.7,1.9,0.39,0.924,0.39
LAL,Kobe Bryant,SG,66.0,62.0,38.2,22.5,1.6,4.7,6.3,4.9,1.61,0.94,2.8,3.3,1.8,8.4,17.9,0.46799999999999997,0.7,2.2,0.319,5.0,6.1,0.82,7.7,15.7,0.489,1.255,0.49
LAL,Glen Rice,SF,80.0,80.0,31.6,15.9,0.7,3.4,4.1,2.2,0.59,0.15,1.4,2.2,1.5,5.3,12.3,0.43,1.1,2.9,0.36700000000000005,4.3,5.0,0.87,4.2,9.4,0.449,1.298,0.47
LAL,Robert Horry,PF,76.0,0.0,22.2,5.7,1.8,3.0,4.8,1.6,1.11,1.05,1.0,2.5,1.6,2.1,4.8,0.43799999999999994,0.4,1.2,0.309,1.2,1.5,0.79,1.7,3.6,0.483,1.2009999999999998,0.48
LAL,John Salley,C,45.0,3.0,6.7,1.6,0.4,1.0,1.4,0.6,0.18,0.31,0.4,1.5,1.4,0.6,1.5,0.36200000000000004,0.0,0.0,0.0,0.5,0.6,0.75,0.6,1.5,0.36200000000000004,1.0290000000000001,0.36
LAL,John Celestand,G,16.0,0.0,11.6,2.3,0.1,0.6,0.7,1.3,0.44,0.0,1.0,1.4,1.3,0.9,2.8,0.33299999999999996,0.1,0.6,0.222,0.3,0.4,0.83,0.8,2.2,0.361,0.8220000000000001,0.36
LAL,Tyronn Lue,PG,8.0,0.0,18.3,6.0,0.3,1.3,1.5,2.1,0.38,0.0,1.1,2.1,1.9,2.4,4.9,0.48700000000000004,0.5,1.0,0.5,0.8,1.0,0.75,1.9,3.9,0.484,1.2309999999999999,0.54
LAL,Devean George,SF,49.0,1.0,7.0,3.2,0.6,0.9,1.5,0.2,0.2,0.08,0.4,1.1,0.6,1.1,2.9,0.389,0.3,1.0,0.34,0.6,0.8,0.66,0.8,1.9,0.41200000000000003,1.0759999999999998,0.44
LAL,Derek Fisher,PG,78.0,22.0,23.1,6.3,0.3,1.6,1.8,2.8,1.03,0.04,1.0,1.9,2.9,2.1,6.2,0.34600000000000003,0.7,2.1,0.313,1.3,1.9,0.72,1.4,4.1,0.363,1.0170000000000001,0.4
PHX,Corie Blount,PF,38.0,1.0,11.7,2.8,1.4,1.6,3.0,0.3,0.39,0.18,0.7,2.1,0.4,1.2,2.3,0.494,0.0,0.1,0.0,0.5,0.9,0.58,1.2,2.2,0.506,1.202,0.49
PHX,Penny Hardaway,SF,60.0,60.0,37.6,16.9,1.5,4.3,5.8,5.3,1.57,0.63,2.6,2.7,2.1,6.3,13.3,0.474,0.6,1.7,0.324,3.8,4.8,0.79,5.7,11.6,0.496,1.272,0.49
PHX,Oliver Miller,C,51.0,9.0,21.3,6.3,1.7,3.4,5.1,1.3,0.82,1.57,1.5,2.6,0.9,2.7,4.6,0.588,0.0,0.0,0.0,1.0,1.4,0.67,2.7,4.6,0.588,1.386,0.59
PHX,Toby Bailey,G,46.0,2.0,9.8,3.5,0.6,1.0,1.6,0.7,0.28,0.09,0.5,1.2,1.3,1.3,3.0,0.414,0.0,0.2,0.2,1.0,1.4,0.69,1.3,2.8,0.431,1.1640000000000001,0.42
PHX,Randy Livingston,PG,79.0,15.0,13.7,4.8,0.3,1.3,1.6,2.2,0.62,0.16,1.2,1.6,1.8,2.0,4.7,0.41600000000000004,0.2,0.7,0.345,0.7,0.8,0.84,1.8,4.0,0.428,1.021,0.44
PHX,Jason Kidd,PG,67.0,67.0,39.0,14.3,1.4,5.8,7.2,10.1,2.0,0.42,3.4,2.2,3.0,5.2,12.8,0.409,0.8,2.5,0.337,3.0,3.7,0.83,4.4,10.3,0.42700000000000005,1.122,0.44
PHX,Shawn Marion,SF,51.0,38.0,24.7,10.2,2.1,4.5,6.5,1.4,0.75,1.04,1.0,2.2,1.4,4.4,9.2,0.47100000000000003,0.1,0.4,0.182,1.4,1.7,0.85,4.3,8.8,0.486,1.104,0.48
PHX,Ben Davis,F,5.0,0.0,4.4,0.8,0.6,1.2,1.8,0.4,0.2,0.2,0.6,0.4,0.7,0.4,1.2,0.33299999999999996,0.0,0.0,0.0,0.0,0.0,0.0,0.4,1.2,0.33299999999999996,0.667,0.33
PHX,Kevin Johnson,G,6.0,0.0,18.8,6.7,0.0,2.7,2.7,4.0,0.33,0.0,1.2,1.0,3.4,2.7,4.7,0.5710000000000001,0.2,0.2,1.0,1.2,1.2,1.0,2.5,4.5,0.556,1.429,0.59
PHX,Clifford Robinson,PF,80.0,67.0,35.5,18.5,1.3,3.2,4.5,2.8,1.13,0.76,2.1,3.0,1.3,6.6,14.3,0.46399999999999997,1.5,4.1,0.37,3.7,4.8,0.78,5.1,10.2,0.501,1.294,0.52
PHX,Rodney Rogers,SF,82.0,7.0,27.9,13.8,1.7,3.8,5.5,2.1,1.15,0.57,2.0,3.5,1.0,5.2,10.7,0.486,1.4,3.2,0.439,1.9,3.0,0.64,3.8,7.5,0.506,1.2830000000000001,0.55
PHX,Mark West,C,22.0,2.0,5.8,0.7,0.3,1.1,1.4,0.1,0.09,0.18,0.3,1.0,0.3,0.2,0.5,0.41700000000000004,0.0,0.0,0.0,0.2,0.4,0.63,0.2,0.5,0.41700000000000004,1.25,0.42
PHX,Rex Chapman,G,53.0,19.0,18.1,6.6,0.2,1.3,1.5,1.2,0.42,0.02,0.7,1.3,1.6,2.3,6.0,0.38799999999999996,0.8,2.3,0.33299999999999996,1.1,1.5,0.76,1.5,3.7,0.42100000000000004,1.088,0.45
PHX,Luc Longley,C,72.0,68.0,19.7,6.3,1.4,3.1,4.5,1.1,0.31,0.58,1.9,3.1,0.6,2.6,5.5,0.466,0.0,0.0,0.0,1.1,1.3,0.82,2.6,5.5,0.466,1.133,0.47
PHX,Don MacLean,F,16.0,0.0,8.9,2.6,0.4,1.1,1.4,0.5,0.13,0.06,0.5,1.5,1.0,1.1,3.1,0.36700000000000005,0.1,0.4,0.33299999999999996,0.3,0.4,0.67,1.0,2.7,0.37200000000000005,0.857,0.39
PHX,Tom Gugliotta,PF,54.0,54.0,32.7,13.7,2.6,5.3,7.9,2.3,1.48,0.57,2.0,2.8,1.2,5.7,11.9,0.48100000000000004,0.0,0.1,0.125,2.2,2.8,0.77,5.7,11.8,0.485,1.1440000000000001,0.48
PHX,Todd Day,G,58.0,1.0,16.2,6.8,0.5,1.7,2.2,1.1,0.76,0.38,0.9,2.2,1.3,2.2,5.7,0.39399999999999996,1.1,2.8,0.38799999999999996,1.2,1.9,0.67,1.1,2.9,0.4,1.2,0.49
SAC,Ryan Robertson,G,1.0,0.0,25.0,5.0,0.0,0.0,0.0,0.0,0.0,0.0,0.0,0.0,0.0,2.0,6.0,0.33299999999999996,0.0,2.0,0.0,1.0,1.0,1.0,2.0,4.0,0.5,0.833,0.33
SAC,Darrick Martin,PG,71.0,1.0,12.6,5.7,0.1,0.5,0.6,1.7,0.39,0.03,0.9,1.3,2.0,1.9,4.9,0.38,0.5,1.7,0.306,1.4,1.7,0.82,1.4,3.2,0.42,1.149,0.43
SAC,Chris Webber,C,75.0,75.0,38.4,24.5,2.5,8.0,10.5,4.6,1.6,1.71,2.9,3.5,1.6,10.0,20.6,0.483,0.4,1.3,0.284,4.1,5.5,0.75,9.6,19.3,0.496,1.185,0.49
SAC,Jon Barry,SG,62.0,1.0,20.7,8.0,0.6,2.0,2.6,2.4,1.21,0.11,1.4,1.7,1.8,2.6,5.6,0.465,1.1,2.5,0.429,1.7,1.9,0.92,1.5,3.1,0.495,1.431,0.56
SAC,Bill Wennington,C,7.0,0.0,8.1,2.0,0.7,2.0,2.7,0.1,0.29,0.29,0.1,1.9,1.0,0.9,2.7,0.316,0.0,0.0,0.0,0.3,0.3,1.0,0.9,2.7,0.316,0.737,0.32
SAC,Jason Williams,PG,81.0,81.0,34.1,12.3,0.3,2.6,2.8,7.3,1.44,0.1,3.7,1.7,2.0,4.5,12.0,0.373,1.8,6.2,0.287,1.6,2.1,0.75,2.7,5.8,0.466,1.0270000000000001,0.45
SAC,Vlade Divac,C,82.0,81.0,29.0,12.3,2.1,5.9,8.0,3.0,1.26,1.26,2.3,3.1,1.3,4.7,9.3,0.503,0.1,0.3,0.26899999999999996,2.8,4.1,0.69,4.6,9.0,0.511,1.315,0.51
SAC,Corliss Williamson,PF,76.0,76.0,22.5,10.3,1.6,2.2,3.8,1.1,0.5,0.25,1.4,2.5,0.7,4.1,8.2,0.5,0.0,0.0,0.0,2.1,2.8,0.77,4.1,8.2,0.5,1.262,0.5
SAC,Lawrence Funderburke,PF,75.0,1.0,13.7,6.4,1.3,1.8,3.1,0.4,0.43,0.27,0.5,1.2,0.8,2.5,4.7,0.523,0.0,0.0,0.0,1.5,2.2,0.71,2.5,4.7,0.526,1.3719999999999999,0.52
SAC,Nick Anderson,F,72.0,72.0,29.1,10.8,1.2,3.6,4.7,1.7,1.31,0.22,1.3,1.6,1.3,4.3,10.9,0.391,1.8,5.5,0.332,0.5,1.1,0.49,2.5,5.4,0.452,0.9990000000000001,0.48
SAC,Peja Stojakovic,SF,74.0,11.0,23.6,11.9,1.0,2.7,3.7,1.4,0.7,0.09,1.2,1.3,1.2,4.3,9.7,0.44799999999999995,1.4,3.6,0.375,1.8,2.1,0.88,2.9,6.1,0.491,1.2229999999999999,0.52
SAC,Tyrone Corbin,F,54.0,5.0,17.4,4.1,0.7,2.3,3.1,1.1,0.67,0.09,0.5,1.8,2.1,1.6,4.6,0.35600000000000004,0.2,0.8,0.22699999999999998,0.6,0.7,0.85,1.4,3.8,0.384,0.887,0.38
SAC,Scot Pollard,C,76.0,5.0,17.6,5.4,2.2,3.1,5.3,0.6,0.72,0.78,0.7,2.8,0.9,2.0,3.7,0.527,0.0,0.0,0.0,1.5,2.1,0.72,2.0,3.7,0.527,1.456,0.53
SAC,Tony Delk,PG,46.0,1.0,14.8,6.4,0.8,1.1,1.9,1.2,0.76,0.11,0.7,1.3,1.7,2.6,6.1,0.43,0.2,0.9,0.225,1.0,1.3,0.8,2.4,5.2,0.46399999999999997,1.061,0.45
CHI,Chris Carr,G,50.0,2.0,21.8,9.8,0.7,2.5,3.2,1.6,0.6,0.28,2.2,2.0,0.7,3.7,9.3,0.4,0.6,1.9,0.33299999999999996,1.8,2.1,0.86,3.1,7.4,0.41600000000000004,1.063,0.43
CHI,Lari Ketner,F,6.0,0.0,6.8,1.7,0.0,1.2,1.2,0.2,0.17,0.17,0.5,1.3,0.3,0.7,1.7,0.4,0.0,0.0,0.0,0.3,0.3,1.0,0.7,1.7,0.4,1.0,0.4
CHI,Dickey Simpkins,F,69.0,48.0,23.9,4.2,1.8,3.6,5.4,1.4,0.32,0.32,1.9,3.1,0.8,1.6,4.0,0.405,0.0,0.0,0.0,0.9,1.7,0.54,1.6,4.0,0.40700000000000003,1.047,0.41
CHI,Khalid Reeves,G,3.0,0.0,16.0,3.7,0.7,0.7,1.3,4.3,0.67,0.0,2.0,2.7,2.2,1.0,4.0,0.25,0.0,1.0,0.0,1.7,1.7,1.0,1.0,3.0,0.33299999999999996,0.917,0.25
CHI,Dedric Willoughby,G,25.0,1.0,20.3,7.6,0.4,1.6,2.0,2.6,0.92,0.08,1.5,1.3,1.8,2.4,7.2,0.341,1.2,3.9,0.29600000000000004,1.6,2.0,0.76,1.2,3.3,0.395,1.061,0.42
CHI,Corey Benjamin,G,48.0,10.0,18.0,7.7,0.4,1.4,1.8,1.1,0.65,0.46,1.5,2.5,0.7,3.0,7.3,0.414,0.6,1.9,0.348,1.0,1.7,0.6,2.4,5.4,0.43700000000000006,1.057,0.46
CHI,John Starks,G,4.0,0.0,20.5,7.5,0.0,2.5,2.5,2.8,1.25,0.25,0.8,2.3,3.7,2.8,8.5,0.324,0.8,2.5,0.3,1.3,1.3,1.0,2.0,6.0,0.33299999999999996,0.882,0.37
CHI,Chris Anstey,C,73.0,11.0,13.8,6.0,1.2,2.6,3.8,0.9,0.4,0.34,1.1,2.5,0.8,2.2,5.0,0.442,0.0,0.1,0.16699999999999998,1.6,2.0,0.79,2.2,4.9,0.447,1.206,0.44
CHI,Kornel David,F,26.0,5.0,17.0,6.5,0.8,2.0,2.8,0.6,0.5,0.08,1.2,1.9,0.5,2.4,5.7,0.426,0.0,0.1,0.0,1.6,2.0,0.81,2.4,5.6,0.434,1.135,0.43
CHI,B.J. Armstrong,G,27.0,18.0,21.6,7.4,0.1,1.7,1.7,2.9,0.26,0.04,1.5,1.3,2.0,3.1,6.9,0.446,0.5,1.1,0.44799999999999995,0.8,0.9,0.88,2.6,5.8,0.446,1.081,0.48
CHI,Michael Ruffin,PF,71.0,6.0,13.7,2.2,1.6,1.9,3.5,0.6,0.37,0.37,0.8,2.4,0.7,0.8,1.9,0.42,0.0,0.0,0.0,0.6,1.2,0.49,0.8,1.9,0.42,1.1520000000000001,0.42
CHI,Randy Brown,G,59.0,55.0,27.5,6.4,0.4,2.1,2.4,3.4,1.03,0.25,1.8,2.0,1.9,2.7,7.4,0.361,0.1,0.1,0.5,1.1,1.4,0.74,2.6,7.3,0.359,0.871,0.36
CHI,Rusty LaRue,SG,4.0,1.0,32.3,9.3,0.3,2.3,2.5,2.8,1.75,0.0,1.8,2.3,1.6,3.8,10.8,0.349,0.5,3.5,0.14300000000000002,1.3,1.8,0.71,3.3,7.3,0.44799999999999995,0.86,0.37
CHI,Elton Brand,PF,81.0,80.0,37.0,20.1,4.3,5.7,10.0,1.9,0.81,1.63,2.8,3.2,0.7,7.8,16.1,0.48200000000000004,0.0,0.0,0.0,4.5,6.6,0.68,7.8,16.1,0.483,1.246,0.48
CHI,Fred Hoiberg,SG,31.0,11.0,27.3,9.0,0.2,3.3,3.5,2.7,1.29,0.06,1.4,2.1,2.0,2.9,7.4,0.387,1.0,3.0,0.34,2.2,2.5,0.91,1.9,4.4,0.419,1.213,0.46
CHI,Matt Maloney,G,51.0,12.0,23.0,6.4,0.2,1.1,1.3,2.7,0.63,0.06,1.2,0.8,2.2,2.2,6.2,0.358,1.2,3.4,0.35600000000000004,0.7,0.9,0.82,1.0,2.8,0.361,1.028,0.46
CHI,Toni Kukoc,SF,24.0,23.0,36.2,18.0,1.5,3.9,5.4,5.2,1.83,0.79,3.1,2.1,1.7,6.2,16.2,0.381,0.8,3.3,0.231,4.9,6.5,0.76,5.4,12.9,0.419,1.113,0.4
CHI,Metta World Peace,SF,72.0,63.0,31.1,12.0,0.9,3.4,4.3,2.8,1.65,0.54,2.3,2.2,1.2,4.3,10.5,0.40700000000000003,0.8,2.7,0.314,2.6,3.9,0.67,3.5,7.8,0.43799999999999994,1.141,0.45
CHI,Will Perdue,C,67.0,15.0,15.1,2.5,1.3,2.6,3.9,1.0,0.21,0.63,1.2,1.9,0.8,0.9,2.5,0.35100000000000003,0.0,0.0,0.0,0.7,1.6,0.48,0.9,2.5,0.35100000000000003,1.0,0.35
CHI,Hersey Hawkins,G,61.0,49.0,26.6,7.9,0.5,2.4,2.9,2.2,1.21,0.25,1.6,2.4,1.3,2.6,6.1,0.424,0.9,2.3,0.39,1.8,2.0,0.9,1.7,3.8,0.444,1.28,0.5
CLE,Wesley Person,SF,79.0,38.0,26.0,9.2,0.6,2.8,3.4,1.8,0.51,0.24,0.8,1.5,2.4,3.5,8.3,0.428,1.3,3.2,0.424,0.8,1.0,0.79,2.2,5.1,0.431,1.112,0.51
CLE,Andrew DeClercq,C,82.0,31.0,22.3,6.6,1.9,3.5,5.4,0.7,0.77,0.8,1.3,3.4,0.5,2.7,5.4,0.508,0.0,0.0,0.0,1.1,2.0,0.59,2.7,5.4,0.508,1.228,0.51
CLE,Shawn Kemp,C,82.0,82.0,30.4,17.8,2.8,6.0,8.8,1.7,1.22,1.17,3.5,4.5,0.5,5.9,14.1,0.41700000000000004,0.0,0.1,0.33299999999999996,6.0,7.7,0.78,5.9,14.0,0.418,1.261,0.42
CLE,Mark Hendrickson,F,10.0,0.0,4.7,1.2,0.2,0.9,1.1,0.3,0.2,0.1,0.3,0.7,1.0,0.5,0.7,0.7140000000000001,0.0,0.0,0.0,0.2,0.2,1.0,0.5,0.7,0.7140000000000001,1.714,0.71
CLE,Donny Marshall,F,6.0,0.0,6.5,1.8,0.0,0.2,0.2,0.0,0.33,0.0,0.5,1.2,0.0,0.5,1.8,0.273,0.0,0.5,0.0,0.8,1.0,0.83,0.5,1.3,0.375,1.0,0.27
CLE,Danny Ferry,F,63.0,3.0,21.0,7.3,0.9,2.9,3.8,1.1,0.35,0.38,0.9,2.9,1.2,3.0,6.0,0.49700000000000005,0.5,1.2,0.44,0.8,0.9,0.91,2.5,4.8,0.511,1.218,0.54
CLE,Earl Boykins,PG,25.0,0.0,10.1,5.3,0.4,0.6,1.0,1.8,0.48,0.04,0.7,0.9,2.6,2.1,4.5,0.473,0.3,0.8,0.4,0.7,0.9,0.78,1.8,3.7,0.489,1.179,0.51
CLE,Pete Chilcutt,F,6.0,0.0,5.0,0.0,0.7,0.8,1.5,0.2,0.0,0.0,0.0,0.5,0.0,0.0,0.3,0.0,0.0,0.0,0.0,0.0,0.0,0.0,0.0,0.3,0.0,0.0,0.0
CLE,Trajan Langdon,SG,10.0,0.0,14.5,4.9,0.4,1.1,1.5,1.1,0.5,0.0,0.6,1.6,1.8,1.5,4.0,0.375,0.8,1.9,0.42100000000000004,1.1,1.1,1.0,0.7,2.1,0.33299999999999996,1.225,0.48
CLE,Mark Bryant,F,75.0,50.0,22.8,5.7,1.7,3.0,4.7,0.8,0.41,0.41,1.2,3.3,0.7,2.3,4.6,0.503,0.0,0.0,0.0,1.0,1.3,0.81,2.3,4.6,0.503,1.225,0.5
CLE,Ryan Stack,F,25.0,0.0,7.9,2.1,0.6,1.2,1.8,0.2,0.16,0.44,0.7,1.9,0.3,0.7,2.0,0.33299999999999996,0.0,0.0,0.0,0.7,1.1,0.67,0.7,2.0,0.34,1.02,0.33
CLE,Bob Sura,PG,73.0,45.0,30.4,13.8,0.7,3.3,3.9,3.9,1.25,0.26,2.0,2.8,1.9,4.9,11.2,0.43700000000000006,1.7,4.5,0.36700000000000005,2.4,3.4,0.7,3.2,6.7,0.484,1.238,0.51
CLE,Brevin Knight,PG,65.0,46.0,27.0,9.3,0.6,2.4,3.0,7.0,1.65,0.32,2.4,2.8,2.9,3.5,8.6,0.41200000000000003,0.0,0.2,0.2,2.2,2.8,0.76,3.5,8.4,0.41600000000000004,1.079,0.41
CLE,A.J. Bramlett,C,8.0,0.0,7.6,1.0,1.5,1.3,2.8,0.0,0.13,0.0,0.4,1.6,0.0,0.5,2.6,0.19,0.0,0.0,0.0,0.0,0.0,0.0,0.5,2.6,0.19,0.381,0.19
CLE,Kornel David,F,6.0,0.0,5.2,1.8,0.7,0.7,1.3,0.2,0.67,0.17,0.3,1.2,0.5,0.7,1.5,0.444,0.0,0.0,0.0,0.5,0.7,0.75,0.7,1.5,0.444,1.222,0.44
CLE,Lamond Murray,SF,74.0,72.0,32.0,15.9,1.7,4.0,5.7,1.8,1.42,0.49,2.5,2.8,0.7,6.2,13.8,0.451,0.7,1.9,0.36700000000000005,2.8,3.6,0.76,5.5,11.9,0.465,1.153,0.48
CLE,Andre Miller,PG,82.0,36.0,25.5,11.1,1.0,2.4,3.4,5.8,1.02,0.21,2.0,2.4,2.9,4.1,9.2,0.449,0.1,0.6,0.204,2.8,3.6,0.77,4.0,8.6,0.466,1.2109999999999999,0.46
CLE,Lari Ketner,F,16.0,0.0,5.7,1.5,0.8,0.9,1.7,0.0,0.19,0.13,0.4,0.8,0.0,0.6,1.4,0.409,0.0,0.0,0.0,0.4,0.6,0.6,0.6,1.4,0.409,1.091,0.41
CLE,Benoit Benjamin,C,3.0,0.0,2.7,0.7,0.0,0.3,0.3,0.0,0.0,0.33,0.0,0.3,0.0,0.3,1.0,0.33299999999999996,0.0,0.0,0.0,0.0,0.0,0.0,0.3,1.0,0.33299999999999996,0.667,0.33
CLE,Cedric E. Henderson,F,61.0,7.0,18.1,5.4,0.6,1.7,2.3,0.9,0.64,0.28,1.1,1.6,0.8,2.1,5.3,0.396,0.0,0.2,0.067,1.1,1.7,0.66,2.1,5.1,0.41200000000000003,1.006,0.4
DET,Michael Curry,SF,82.0,3.0,19.6,6.2,0.3,1.0,1.3,1.1,0.4,0.06,0.9,2.5,1.2,2.2,4.6,0.48,0.0,0.1,0.2,1.7,2.0,0.84,2.2,4.5,0.484,1.335,0.48
DET,Jermaine Jackson,PG,7.0,0.0,10.4,1.0,0.1,1.4,1.6,0.6,0.43,0.0,1.0,1.0,0.6,0.1,1.6,0.091,0.0,0.1,0.0,0.7,1.1,0.63,0.1,1.5,0.1,0.636,0.09
DET,Lindsey Hunter,SG,82.0,82.0,35.6,12.7,0.4,2.6,3.0,4.0,1.57,0.27,1.8,2.6,2.3,4.6,10.9,0.425,2.0,4.7,0.43200000000000005,1.4,1.9,0.76,2.6,6.2,0.419,1.169,0.52
DET,Marcus Brown,SG,6.0,0.0,7.5,1.7,0.5,0.7,1.2,0.5,0.0,0.0,0.5,1.3,1.0,0.7,2.3,0.28600000000000003,0.0,1.2,0.0,0.3,0.3,1.0,0.7,1.1,0.5710000000000001,0.7140000000000001,0.29
DET,Mikki Moore,C,29.0,0.0,16.8,7.9,1.5,2.3,3.9,0.6,0.31,1.07,0.8,3.6,0.7,3.0,4.8,0.621,0.0,0.0,0.0,1.9,2.3,0.79,3.0,4.8,0.621,1.629,0.62
DET,Jerome Williams,PF,82.0,1.0,25.6,8.4,3.4,6.2,9.6,0.8,1.16,0.26,1.3,2.4,0.6,3.1,5.6,0.564,0.0,0.0,0.0,2.1,3.5,0.62,3.1,5.6,0.5670000000000001,1.511,0.56
DET,Don Reid,F,21.0,3.0,7.9,1.7,0.2,1.0,1.2,0.0,0.24,0.57,0.5,2.1,0.1,0.8,1.6,0.47100000000000003,0.0,0.0,0.0,0.1,0.3,0.5,0.8,1.6,0.47100000000000003,1.0290000000000001,0.47
DET,Loy Vaught,F,43.0,0.0,6.8,1.7,0.6,1.5,2.1,0.3,0.14,0.09,0.3,1.0,1.0,0.7,2.1,0.36,0.0,0.1,0.0,0.3,0.4,0.69,0.7,2.0,0.37200000000000005,0.843,0.36
DET,Jerry Stackhouse,SF,82.0,82.0,38.4,23.6,1.4,2.4,3.8,4.5,1.26,0.44,3.8,2.3,1.2,7.5,17.6,0.428,1.0,3.5,0.28800000000000003,7.5,9.2,0.82,6.5,14.1,0.462,1.34,0.46
DET,Christian Laettner,PF,82.0,82.0,29.8,12.2,2.1,4.6,6.7,2.3,1.01,0.55,2.3,4.0,1.0,4.6,9.8,0.473,0.1,0.3,0.292,2.9,3.6,0.81,4.5,9.5,0.479,1.251,0.48
DET,John Crotty,G,69.0,0.0,13.6,4.7,0.2,0.8,1.1,1.9,0.39,0.07,0.8,1.5,2.4,1.5,3.6,0.42200000000000004,0.5,1.2,0.413,1.2,1.3,0.86,1.0,2.4,0.42700000000000005,1.295,0.49
DET,Terry Mills,F,82.0,78.0,22.5,6.7,0.6,4.1,4.8,1.0,0.46,0.29,0.6,3.0,1.8,2.6,6.0,0.439,1.2,3.0,0.39299999999999996,0.3,0.4,0.74,1.4,3.0,0.484,1.123,0.54
DET,Jud Buechler,G,58.0,5.0,11.3,2.2,0.5,1.1,1.6,0.6,0.43,0.28,0.2,0.9,2.5,0.9,2.7,0.353,0.3,1.4,0.217,0.0,0.1,0.29,0.6,1.3,0.507,0.833,0.41
DET,Grant Hill,SF,74.0,74.0,37.5,25.8,1.3,5.3,6.6,5.2,1.39,0.58,3.2,2.6,1.6,9.4,19.2,0.489,0.5,1.3,0.34700000000000003,6.5,8.2,0.79,8.9,17.9,0.5,1.34,0.5
DET,Eric Montross,C,51.0,0.0,6.5,0.8,0.4,1.1,1.4,0.1,0.12,0.18,0.4,1.6,0.3,0.3,1.1,0.309,0.0,0.0,0.0,0.1,0.2,0.5,0.3,1.1,0.309,0.727,0.31
IND,Jeff Foster,PF,19.0,0.0,4.5,2.3,0.6,1.1,1.7,0.3,0.26,0.05,0.1,0.9,2.5,0.7,1.2,0.565,0.0,0.1,0.0,0.9,1.3,0.68,0.7,1.1,0.591,1.87,0.57
IND,Zan Tabak,C,18.0,0.0,6.3,2.1,0.9,0.9,1.8,0.2,0.17,0.5,0.6,0.7,0.4,0.9,1.9,0.47100000000000003,0.0,0.0,0.0,0.3,0.4,0.63,0.9,1.9,0.47100000000000003,1.088,0.47
IND,Travis Best,PG,82.0,0.0,20.6,8.9,0.2,1.5,1.7,3.3,0.93,0.06,1.3,2.5,2.5,3.3,6.8,0.483,0.4,1.1,0.376,1.9,2.3,0.82,2.9,5.7,0.504,1.307,0.51
IND,Chris Mullin,F,47.0,2.0,12.4,5.1,0.3,1.3,1.6,0.8,0.6,0.19,0.6,1.3,1.3,1.7,4.0,0.428,1.0,2.3,0.409,0.8,0.9,0.9,0.7,1.7,0.455,1.294,0.55
IND,Reggie Miller,SG,81.0,81.0,36.9,18.1,0.6,2.3,3.0,2.3,1.05,0.31,1.6,1.6,1.4,5.8,12.9,0.44799999999999995,2.0,5.0,0.408,4.6,5.0,0.92,3.8,7.9,0.473,1.412,0.53
IND,Jonathan Bender,SF,24.0,1.0,5.4,2.7,0.2,0.7,0.9,0.1,0.04,0.21,0.3,0.8,0.4,1.0,2.9,0.32899999999999996,0.1,0.5,0.16699999999999998,0.7,1.0,0.67,0.9,2.4,0.36200000000000004,0.914,0.34
IND,Austin Croshere,PF,81.0,14.0,23.3,10.3,1.7,4.7,6.4,1.1,0.54,0.74,1.5,2.5,0.7,3.6,8.1,0.441,0.8,2.1,0.36200000000000004,2.4,2.9,0.85,2.8,6.0,0.47,1.2790000000000001,0.49
IND,Mark Jackson,PG,81.0,81.0,27.0,8.1,0.8,2.9,3.7,8.0,0.94,0.12,2.1,1.4,3.7,3.0,7.0,0.43200000000000005,1.1,2.7,0.40299999999999997,1.0,1.2,0.81,1.9,4.3,0.45,1.158,0.51
IND,Jalen Rose,SG,80.0,80.0,37.2,18.2,0.5,4.3,4.8,4.0,1.05,0.61,2.4,2.9,1.7,7.0,15.0,0.47100000000000003,1.0,2.5,0.39299999999999996,3.2,3.8,0.83,6.0,12.5,0.486,1.218,0.5
IND,Rik Smits,C,79.0,79.0,23.4,12.9,1.2,3.9,5.1,1.1,0.25,1.27,1.4,3.2,0.8,5.5,11.3,0.484,0.0,0.0,0.0,2.0,2.7,0.74,5.5,11.3,0.485,1.1440000000000001,0.48
IND,Al Harrington,PF,50.0,0.0,17.1,6.6,0.9,2.2,3.2,0.8,0.5,0.18,1.3,2.6,0.6,2.4,5.3,0.45799999999999996,0.2,0.7,0.235,1.6,2.2,0.7,2.2,4.6,0.491,1.242,0.47
IND,Dale Davis,PF,74.0,72.0,28.7,10.0,3.5,6.4,9.9,0.9,0.7,1.27,1.2,2.7,0.7,4.1,8.1,0.502,0.0,0.0,0.0,1.9,2.7,0.68,4.1,8.1,0.502,1.234,0.5
IND,Sam Perkins,C,81.0,0.0,20.0,6.6,0.8,2.8,3.6,0.8,0.38,0.41,0.8,1.7,1.1,2.3,5.4,0.41700000000000004,1.1,2.7,0.408,1.0,1.2,0.82,1.2,2.7,0.426,1.218,0.52
IND,Derrick McKey,F,32.0,0.0,19.8,4.3,0.9,3.3,4.2,1.1,0.91,0.41,0.6,2.5,1.8,1.3,3.4,0.39799999999999996,0.3,0.7,0.435,1.3,1.8,0.77,1.0,2.7,0.38799999999999996,1.287,0.44
MIL,Dale Ellis,G,18.0,0.0,18.0,6.8,0.4,1.5,1.9,0.3,0.33,0.0,0.4,1.3,0.9,2.6,5.6,0.465,1.3,3.6,0.354,0.3,0.5,0.67,1.3,2.0,0.667,1.218,0.58
MIL,Ervin Johnson,C,80.0,74.0,26.6,4.8,2.9,5.2,8.1,0.6,1.01,1.59,1.0,3.7,0.6,1.8,3.5,0.516,0.0,0.0,0.0,1.2,2.0,0.61,1.8,3.5,0.518,1.3730000000000002,0.52
MIL,Mirsad Turkcan,F,10.0,0.0,6.5,2.9,1.1,1.2,2.3,0.4,0.1,0.1,0.7,1.0,0.6,1.2,2.8,0.429,0.0,0.4,0.0,0.5,0.8,0.63,1.2,2.4,0.5,1.036,0.43
MIL,Danny Manning,F,72.0,0.0,16.9,4.6,0.7,2.2,2.9,1.0,0.86,0.4,0.8,2.5,1.3,2.1,4.7,0.44,0.0,0.1,0.25,0.5,0.7,0.65,2.1,4.6,0.442,0.982,0.44
MIL,Glenn Robinson,SF,81.0,81.0,35.9,20.9,1.3,4.7,6.0,2.4,0.96,0.51,2.8,2.6,0.9,8.5,18.0,0.47200000000000003,1.1,2.9,0.363,2.8,3.5,0.8,7.4,15.1,0.493,1.159,0.5
MIL,Rafer Alston,PG,27.0,0.0,13.4,2.2,0.2,0.7,0.9,2.6,0.44,0.0,1.1,1.1,2.4,1.0,3.5,0.284,0.1,0.5,0.214,0.1,0.1,0.75,0.9,3.0,0.29600000000000004,0.632,0.3
MIL,Scott Williams,C,68.0,46.0,21.9,7.6,2.6,4.0,6.6,0.4,0.59,0.97,1.0,3.4,0.4,3.1,6.3,0.5,0.0,0.0,0.0,1.4,1.9,0.73,3.1,6.3,0.5,1.2209999999999999,0.5
MIL,Sam Cassell,PG,81.0,81.0,35.8,18.6,0.9,2.9,3.7,9.0,1.26,0.1,3.3,3.1,2.7,6.7,14.4,0.466,0.3,1.1,0.289,4.8,5.5,0.88,6.4,13.3,0.48100000000000004,1.287,0.48
MIL,Ray Allen,SG,82.0,82.0,37.4,22.1,1.0,3.4,4.4,3.8,1.34,0.23,2.2,2.3,1.7,7.8,17.2,0.455,2.1,5.0,0.423,4.3,4.9,0.89,5.7,12.2,0.46799999999999997,1.2819999999999998,0.52
MIL,Vinny Del Negro,G,67.0,0.0,18.1,5.2,0.1,1.5,1.6,2.4,0.54,0.0,0.7,1.2,3.3,2.3,4.9,0.47100000000000003,0.1,0.4,0.33299999999999996,0.5,0.6,0.9,2.2,4.5,0.48200000000000004,1.074,0.48
MIL,J.R. Reid,F,34.0,7.0,17.7,4.4,0.9,2.6,3.4,0.5,0.56,0.15,0.6,2.4,0.9,1.6,3.7,0.41700000000000004,0.0,0.2,0.14300000000000002,1.3,1.6,0.77,1.6,3.5,0.433,1.181,0.42
MIL,Tim Thomas,PF,80.0,1.0,26.2,11.8,1.3,2.9,4.2,1.4,0.74,0.39,1.6,2.8,0.9,4.3,9.4,0.461,0.8,2.3,0.34600000000000003,2.4,3.0,0.77,3.5,7.1,0.49700000000000005,1.255,0.5
MIL,Darvin Ham,SF,35.0,21.0,22.6,5.1,2.4,2.5,4.9,1.2,0.83,0.83,0.8,2.9,1.4,2.0,3.7,0.555,0.0,0.0,0.0,1.0,2.2,0.45,2.0,3.7,0.5589999999999999,1.383,0.55
MIL,Haywoode Workman,G,23.0,1.0,10.8,2.9,0.0,0.7,0.7,1.9,0.48,0.0,0.6,1.0,3.1,1.0,2.7,0.371,0.5,1.3,0.379,0.4,0.6,0.69,0.5,1.4,0.364,1.065,0.46
MIL,Robert Traylor,PF,44.0,16.0,10.2,3.6,1.1,1.5,2.6,0.5,0.57,0.57,0.6,1.8,0.7,1.3,2.8,0.475,0.0,0.1,0.0,0.9,1.5,0.6,1.3,2.7,0.49200000000000005,1.287,0.48
DAL,Cedric Ceballos,F,69.0,25.0,29.9,16.6,2.5,4.2,6.7,1.3,0.81,0.35,1.8,2.4,0.7,6.5,14.5,0.446,0.6,1.9,0.32799999999999996,3.0,3.6,0.84,5.9,12.6,0.46399999999999997,1.145,0.47
DAL,Gary Trent,PF,11.0,11.0,27.4,13.7,1.8,2.9,4.7,2.0,0.73,0.27,2.3,2.5,0.9,6.4,12.9,0.493,0.0,0.2,0.0,1.0,1.9,0.52,6.4,12.7,0.5,1.063,0.49
DAL,Steve Nash,PG,56.0,27.0,27.4,8.6,0.6,1.6,2.2,4.9,0.66,0.05,1.8,2.2,2.7,3.1,6.5,0.47700000000000004,1.1,2.7,0.40299999999999997,1.3,1.5,0.88,2.0,3.8,0.528,1.325,0.56
DAL,Greg Buckner,SG,48.0,1.0,19.2,5.7,1.2,2.5,3.6,1.1,0.79,0.42,0.8,3.1,1.5,2.3,4.9,0.47600000000000003,0.2,0.5,0.385,0.9,1.3,0.68,2.1,4.4,0.488,1.18,0.5
DAL,Rodrick Rhodes,G,1.0,0.0,8.0,0.0,1.0,0.0,1.0,0.0,2.0,0.0,2.0,0.0,0.0,0.0,3.0,0.0,0.0,0.0,0.0,0.0,0.0,0.0,0.0,3.0,0.0,0.0,0.0
DAL,Hubert Davis,SG,79.0,15.0,23.0,7.4,0.2,1.5,1.7,1.8,0.3,0.04,0.9,1.4,2.0,2.7,5.9,0.46799999999999997,1.0,2.1,0.491,0.8,1.0,0.87,1.7,3.8,0.455,1.256,0.56
DAL,Dennis Rodman,F,12.0,12.0,32.4,2.8,4.0,10.3,14.3,1.2,0.17,0.08,1.6,3.4,0.7,1.0,2.6,0.387,0.0,0.1,0.0,0.8,1.2,0.71,1.0,2.5,0.4,1.097,0.39
DAL,Michael Finley,SG,82.0,82.0,42.2,22.6,1.5,4.8,6.3,5.3,1.33,0.39,2.4,2.1,2.2,9.1,20.0,0.457,1.2,3.0,0.401,3.2,3.9,0.82,7.9,17.0,0.467,1.1340000000000001,0.49
DAL,Bruno Sundov,C,14.0,0.0,4.4,1.9,0.4,0.5,0.9,0.1,0.14,0.14,0.3,1.1,0.5,0.9,2.2,0.387,0.0,0.0,0.0,0.1,0.1,1.0,0.9,2.2,0.387,0.8390000000000001,0.39
DAL,Dirk Nowitzki,PF,82.0,81.0,35.8,17.5,1.2,5.2,6.5,2.5,0.77,0.83,1.7,3.1,1.4,6.3,13.6,0.461,1.4,3.7,0.379,3.5,4.2,0.83,4.9,9.9,0.491,1.284,0.51
DAL,Randell Jackson,F,1.0,0.0,1.0,0.0,0.0,0.0,0.0,0.0,0.0,0.0,0.0,0.0,0.0,0.0,0.0,0.0,0.0,0.0,0.0,0.0,0.0,0.0,0.0,0.0,0.0,0.0,0.0
DAL,Robert Pack,PG,29.0,22.0,22.9,8.9,0.2,1.2,1.4,5.8,1.07,0.1,2.6,1.5,2.2,3.3,7.9,0.41700000000000004,0.1,0.4,0.364,2.2,2.7,0.81,3.2,7.5,0.42,1.126,0.43
DAL,Damon Jones,PG,42.0,0.0,9.9,3.9,0.3,0.6,0.9,1.4,0.29,0.02,0.6,0.5,2.3,1.3,3.7,0.35700000000000004,0.7,2.2,0.33,0.6,0.9,0.64,0.6,1.5,0.397,1.071,0.45
DAL,Sean Rooks,C,71.0,13.0,14.1,4.4,1.2,2.3,3.5,1.0,0.41,0.73,1.0,2.4,1.0,1.7,4.0,0.431,0.0,0.0,0.0,0.9,1.3,0.73,1.7,4.0,0.431,1.092,0.43
DAL,Erick Strickland,PG,68.0,67.0,29.8,12.8,1.0,3.7,4.8,3.1,1.54,0.19,1.5,2.8,2.1,4.6,10.7,0.433,1.1,2.7,0.392,2.4,2.9,0.83,3.5,8.0,0.447,1.188,0.48
DAL,Shawn Bradley,C,77.0,54.0,24.7,8.4,2.1,4.4,6.5,0.8,0.92,2.47,1.0,3.4,0.8,3.5,7.2,0.479,0.0,0.1,0.2,1.5,1.9,0.77,3.5,7.1,0.48200000000000004,1.166,0.48
DAL,Rick Hughes,F,21.0,0.0,10.7,3.9,1.1,1.2,2.3,0.4,0.14,0.05,0.7,1.4,0.6,1.7,3.4,0.486,0.0,0.0,0.0,0.6,1.2,0.46,1.7,3.4,0.493,1.139,0.49
HOU,Moochie Norris,PG,30.0,0.0,16.7,6.9,0.5,1.7,2.3,3.1,0.77,0.03,1.0,1.1,3.1,2.3,5.3,0.434,0.4,1.0,0.414,1.9,2.4,0.78,1.9,4.3,0.43799999999999994,1.3019999999999998,0.47
HOU,Kenny Thomas,PF,72.0,29.0,25.0,8.3,2.0,4.0,6.1,1.6,0.75,0.31,1.6,2.3,1.0,2.9,7.4,0.39899999999999997,0.4,1.7,0.262,1.9,2.9,0.66,2.5,5.7,0.44,1.119,0.43
HOU,Tony Massenburg,PF,10.0,0.0,10.9,4.6,0.7,2.0,2.7,0.3,0.2,0.5,0.9,1.3,0.3,1.6,3.6,0.444,0.0,0.0,0.0,1.4,1.6,0.88,1.6,3.6,0.444,1.278,0.44
HOU,Bryce Drew,PG,72.0,5.0,18.0,5.8,0.3,1.1,1.4,2.3,0.57,0.01,0.9,1.1,2.5,2.2,5.7,0.38299999999999995,0.8,2.3,0.36200000000000004,0.6,0.7,0.85,1.4,3.4,0.396,1.0170000000000001,0.45
HOU,Anthony Miller,PF,35.0,14.0,13.6,3.7,1.4,3.3,4.7,0.5,0.31,0.29,0.5,1.9,0.8,1.5,2.8,0.536,0.0,0.0,0.0,0.7,1.5,0.51,1.5,2.8,0.536,1.34,0.54
HOU,Walt Williams,F,76.0,66.0,24.5,10.9,0.9,3.1,4.0,2.1,0.64,0.58,1.5,2.5,1.4,4.1,9.0,0.45799999999999996,1.3,3.4,0.391,1.3,1.6,0.82,2.8,5.6,0.5,1.214,0.53
HOU,Thomas Hamilton,C,22.0,7.0,12.4,3.7,1.4,2.7,4.1,0.7,0.18,0.64,1.3,1.1,0.5,1.6,3.6,0.44299999999999995,0.0,0.0,0.0,0.5,1.0,0.52,1.6,3.6,0.44299999999999995,1.038,0.44
HOU,Steve Francis,PG,77.0,77.0,36.1,18.0,2.0,3.3,5.3,6.6,1.53,0.38,4.0,3.0,1.7,6.5,14.5,0.445,1.4,4.0,0.345,3.7,4.7,0.79,5.1,10.5,0.483,1.2429999999999999,0.49
HOU,Charles Barkley,F,20.0,18.0,31.0,14.5,3.6,6.9,10.5,3.2,0.7,0.2,2.2,2.4,1.4,5.3,11.1,0.47700000000000004,0.3,1.3,0.231,3.6,5.5,0.65,5.0,9.8,0.51,1.3019999999999998,0.49
HOU,Carlos Rogers,F,53.0,15.0,20.8,8.0,1.8,3.3,5.2,0.8,0.26,0.64,1.2,1.5,0.7,3.2,6.1,0.525,0.0,0.3,0.071,1.5,2.6,0.59,3.2,5.8,0.545,1.3019999999999998,0.53
HOU,Kelvin Cato,C,65.0,32.0,24.3,8.7,1.6,4.4,6.0,0.4,0.51,1.91,1.1,2.7,0.4,3.3,6.2,0.537,0.0,0.1,0.0,2.1,3.2,0.65,3.3,6.1,0.5429999999999999,1.41,0.54
HOU,Shandon Anderson,SF,82.0,82.0,32.9,12.3,1.1,3.6,4.7,2.9,1.17,0.39,2.4,2.2,1.2,4.5,9.5,0.473,1.0,2.7,0.35100000000000003,2.4,3.1,0.77,3.5,6.8,0.523,1.297,0.52
HOU,Matt Bullard,F,56.0,27.0,18.3,6.8,0.2,2.2,2.5,1.1,0.34,0.23,0.6,1.5,1.8,2.5,6.1,0.409,1.4,3.2,0.446,0.4,0.5,0.83,1.1,2.9,0.368,1.124,0.53
HOU,Bill Curley,F,4.0,0.0,12.5,3.0,1.0,1.0,2.0,0.0,0.5,0.0,1.0,2.5,0.0,1.5,2.8,0.545,0.0,0.0,0.0,0.0,0.0,0.0,1.5,2.8,0.545,1.091,0.55
HOU,Devin Gray,F,21.0,2.0,5.9,2.3,0.5,0.7,1.2,0.2,0.24,0.14,0.2,1.0,1.3,0.7,1.8,0.405,0.0,0.0,0.0,0.9,1.4,0.66,0.7,1.8,0.405,1.324,0.41
HOU,Cuttino Mobley,SG,81.0,8.0,30.8,15.8,0.7,2.8,3.6,2.6,1.07,0.4,2.3,2.1,1.1,5.4,12.5,0.43,1.3,3.6,0.35600000000000004,3.7,4.4,0.85,4.1,8.9,0.46,1.2570000000000001,0.48
HOU,Hakeem Olajuwon,C,44.0,28.0,23.8,10.3,1.5,4.8,6.2,1.4,0.93,1.59,1.7,2.0,0.8,4.4,9.6,0.45799999999999996,0.0,0.0,0.0,1.6,2.5,0.62,4.4,9.6,0.461,1.081,0.46
MEM,Cherokee Parks,PF,56.0,14.0,14.4,3.0,1.0,2.3,3.3,0.6,0.52,0.8,0.5,2.1,1.3,1.3,2.6,0.49700000000000005,0.0,0.0,0.0,0.4,0.7,0.65,1.3,2.6,0.5,1.159,0.5
MEM,Joe Stephens,F,13.0,0.0,13.9,3.2,1.0,1.8,2.8,0.8,0.54,0.23,0.5,0.7,1.8,1.5,3.9,0.373,0.0,0.6,0.0,0.2,0.3,0.75,1.5,3.3,0.442,0.804,0.37
MEM,Antoine Carr,F,21.0,0.0,10.5,3.2,0.4,1.1,1.5,0.3,0.14,0.29,0.4,2.0,0.8,1.3,3.0,0.43799999999999994,0.0,0.0,0.0,0.5,0.7,0.79,1.3,3.0,0.43799999999999994,1.047,0.44
MEM,Dennis Scott,F,66.0,0.0,19.1,5.6,0.2,1.4,1.6,1.0,0.42,0.14,0.5,1.6,2.3,1.9,5.0,0.375,1.1,2.9,0.376,0.7,0.9,0.84,0.8,2.1,0.375,1.1079999999999999,0.48
MEM,Milt Palacio,PG,53.0,0.0,7.4,2.0,0.3,0.6,1.0,0.9,0.38,0.0,0.8,0.6,1.1,0.8,1.8,0.439,0.0,0.0,0.0,0.4,0.7,0.59,0.8,1.8,0.44799999999999995,1.102,0.44
MEM,Obinna Ekezie,C,39.0,0.0,9.0,3.2,0.9,1.5,2.4,0.2,0.23,0.1,0.7,1.6,0.3,1.1,2.3,0.466,0.0,0.0,0.0,1.1,1.6,0.67,1.1,2.3,0.466,1.42,0.47
MEM,Brent Price,G,41.0,0.0,10.3,3.4,0.2,0.7,0.9,1.7,0.41,0.02,1.1,1.5,1.5,1.0,2.9,0.345,0.6,1.7,0.368,0.8,1.0,0.87,0.4,1.2,0.314,1.185,0.45
MEM,Shareef Abdur-Rahim,PF,82.0,82.0,39.3,20.3,2.7,7.4,10.1,3.3,1.09,1.06,3.0,3.0,1.1,7.2,15.6,0.465,0.4,1.2,0.302,5.4,6.7,0.81,6.8,14.4,0.478,1.3019999999999998,0.48
MEM,Mike Bibby,PG,82.0,82.0,38.5,14.5,0.9,2.8,3.7,8.1,1.61,0.18,3.0,2.1,2.7,5.6,12.6,0.445,0.9,2.6,0.363,2.4,3.0,0.78,4.7,10.0,0.466,1.1540000000000001,0.48
MEM,Michael Dickerson,G,82.0,82.0,37.8,18.2,1.0,2.5,3.4,2.5,1.41,0.55,2.0,2.8,1.3,6.8,15.5,0.436,1.5,3.5,0.409,3.3,4.0,0.83,5.3,12.0,0.444,1.178,0.48
MEM,Othella Harrington,PF,82.0,82.0,32.6,13.1,2.4,4.5,6.9,1.2,0.44,0.71,2.6,3.5,0.4,5.1,10.1,0.506,0.0,0.0,0.0,2.9,3.6,0.79,5.1,10.1,0.507,1.296,0.51
MEM,Bryant Reeves,C,69.0,67.0,25.7,8.9,1.8,3.8,5.7,1.2,0.48,0.55,1.7,3.6,0.7,3.7,8.1,0.44799999999999995,0.0,0.1,0.0,1.6,2.4,0.65,3.7,8.0,0.452,1.087,0.45
MEM,Doug West,F,38.0,0.0,15.3,4.0,0.5,1.4,1.9,1.1,0.32,0.21,0.5,2.1,2.3,1.6,3.8,0.40700000000000003,0.0,0.1,0.0,0.9,1.1,0.85,1.6,3.7,0.415,1.048,0.41
MEM,Grant Long,F,42.0,1.0,21.9,4.8,2.0,3.5,5.6,1.0,1.07,0.24,1.2,2.6,0.9,1.8,4.0,0.44299999999999995,0.0,0.1,0.0,1.3,1.7,0.77,1.8,3.9,0.45399999999999996,1.216,0.44
MEM,Felipe Lopez,G,65.0,0.0,12.0,4.5,0.9,1.0,1.9,0.7,0.49,0.26,0.8,1.4,0.8,1.7,4.0,0.425,0.0,0.3,0.16699999999999998,1.0,1.7,0.61,1.7,3.7,0.444,1.119,0.43
NO,Derek Hood,F,2.0,0.0,2.0,0.0,0.0,0.5,0.5,0.0,0.0,0.0,0.0,0.0,0.0,0.0,1.5,0.0,0.0,0.0,0.0,0.0,0.0,0.0,0.0,1.5,0.0,0.0,0.0
NO,Baron Davis,PG,82.0,0.0,18.6,5.9,0.6,1.4,2.0,3.8,1.18,0.23,1.7,2.5,2.2,2.2,5.3,0.42,0.3,1.4,0.225,1.2,1.9,0.63,1.9,3.9,0.488,1.122,0.45
NO,Dale Ellis,G,24.0,5.0,10.0,2.3,0.3,0.7,0.9,0.3,0.29,0.0,0.5,0.9,0.6,0.8,2.4,0.32799999999999996,0.6,1.5,0.4,0.1,0.2,0.75,0.2,0.9,0.217,0.948,0.45
NO,Brad Miller,C,55.0,4.0,17.5,7.7,2.1,3.3,5.3,0.8,0.42,0.64,0.9,2.0,0.9,2.5,5.3,0.461,0.0,0.0,0.0,2.8,3.5,0.78,2.5,5.3,0.46399999999999997,1.444,0.46
NO,Eldridge Recasner,G,7.0,0.0,4.0,1.0,0.0,0.6,0.6,0.7,0.0,0.0,0.0,0.1,0.0,0.4,1.0,0.429,0.1,0.6,0.25,0.0,0.0,0.0,0.3,0.4,0.667,1.0,0.5
NO,David Wesley,SG,82.0,82.0,33.7,13.6,0.5,2.3,2.7,5.6,1.33,0.13,1.9,2.3,2.9,5.0,11.6,0.426,1.1,3.0,0.355,2.6,3.4,0.78,3.9,8.6,0.451,1.169,0.47
NO,Todd Fuller,C,41.0,2.0,9.7,3.3,0.9,1.8,2.7,0.1,0.22,0.2,0.7,1.1,0.2,1.2,3.0,0.418,0.0,0.0,0.0,0.8,1.3,0.6,1.2,3.0,0.418,1.0979999999999999,0.42
NO,Anthony Mason,F,82.0,81.0,38.2,11.6,1.8,6.8,8.5,4.5,0.9,0.35,2.0,2.7,2.3,3.9,8.1,0.48,0.0,0.0,0.0,3.8,5.1,0.75,3.9,8.1,0.48,1.4340000000000002,0.48
NO,Eddie Robinson,SF,67.0,8.0,16.6,7.0,0.8,1.9,2.7,0.5,0.72,0.37,0.6,1.0,0.8,3.2,5.8,0.5489999999999999,0.0,0.1,0.0,0.7,1.0,0.73,3.2,5.7,0.555,1.22,0.55
NO,Chucky Brown,F,33.0,2.0,15.0,4.4,0.7,2.0,2.7,0.8,0.36,0.24,0.5,1.8,1.5,2.0,4.6,0.434,0.0,0.2,0.14300000000000002,0.3,0.6,0.52,2.0,4.4,0.44799999999999995,0.9470000000000001,0.44
NO,Elden Campbell,C,78.0,77.0,32.5,12.7,2.2,5.4,7.6,1.7,0.72,1.92,1.6,3.4,1.0,4.7,10.6,0.446,0.0,0.1,0.0,3.2,4.6,0.69,4.7,10.5,0.45,1.1909999999999998,0.45
NO,Eddie Jones,SG,72.0,72.0,39.0,20.1,1.1,3.6,4.8,4.2,2.67,0.68,2.2,2.4,1.9,6.6,15.5,0.42700000000000005,1.8,4.7,0.375,5.0,5.8,0.86,4.8,10.8,0.45,1.2919999999999998,0.48
NO,Derrick Coleman,PF,74.0,64.0,31.7,16.7,1.7,6.9,8.5,2.4,0.46,1.76,2.3,2.6,1.0,6.0,13.2,0.456,0.7,1.9,0.36200000000000004,4.0,5.1,0.79,5.3,11.3,0.47100000000000003,1.266,0.48
NO,Jason Miskiri,G,1.0,0.0,3.0,0.0,0.0,0.0,0.0,1.0,0.0,0.0,0.0,2.0,0.0,0.0,1.0,0.0,0.0,1.0,0.0,0.0,0.0,0.0,0.0,0.0,0.0,0.0,0.0
NO,Bobby Phills,F,28.0,9.0,29.5,13.6,0.6,1.9,2.5,2.8,1.46,0.29,1.7,2.6,1.6,5.4,12.0,0.45399999999999996,1.1,3.3,0.33,1.7,2.3,0.72,4.3,8.7,0.5,1.137,0.5
NO,Michael Hawkins,G,12.0,0.0,3.0,0.7,0.0,0.6,0.6,1.1,0.0,0.0,0.3,0.2,4.3,0.3,1.1,0.231,0.1,0.4,0.2,0.1,0.2,0.5,0.2,0.7,0.25,0.615,0.27
NO,Ricky Davis,SG,48.0,4.0,11.9,4.7,0.6,1.1,1.7,1.3,0.63,0.17,1.0,0.8,1.3,2.0,3.9,0.503,0.0,0.1,0.0,0.8,1.1,0.76,2.0,3.8,0.514,1.214,0.5
SA,Jaren Jackson,G,81.0,12.0,20.9,6.3,0.4,1.8,2.2,1.5,0.67,0.09,0.8,1.9,1.8,2.3,6.0,0.381,1.3,3.8,0.353,0.4,0.6,0.65,1.0,2.2,0.429,1.051,0.49
SA,Malik Rose,PF,74.0,3.0,18.1,6.7,1.8,2.7,4.5,0.6,0.47,0.7,1.3,3.1,0.5,2.4,5.2,0.457,0.0,0.0,0.33299999999999996,1.9,2.7,0.72,2.4,5.2,0.45799999999999996,1.288,0.46
SA,Antonio Daniels,PG,68.0,1.0,17.6,6.2,0.2,1.0,1.3,2.6,0.81,0.07,0.9,1.1,3.1,2.4,5.1,0.474,0.3,1.0,0.33299999999999996,1.1,1.5,0.71,2.1,4.1,0.507,1.2209999999999999,0.51
SA,Tim Duncan,PF,74.0,74.0,38.9,23.2,3.5,8.9,12.4,3.2,0.89,2.23,3.3,2.8,1.0,8.5,17.3,0.49,0.0,0.1,0.091,6.2,8.1,0.76,8.5,17.2,0.494,1.34,0.49
SA,Derrick Dial,SG,8.0,0.0,11.9,5.0,1.8,1.5,3.3,0.6,0.13,0.13,0.8,1.3,0.8,2.1,5.8,0.37,0.4,1.5,0.25,0.4,0.6,0.6,1.7,4.3,0.41200000000000003,0.87,0.4
SA,Steve Kerr,G,32.0,0.0,8.4,2.8,0.1,0.5,0.6,0.4,0.13,0.0,0.2,0.4,1.7,1.0,2.3,0.43200000000000005,0.5,1.0,0.516,0.3,0.3,0.82,0.5,1.3,0.37200000000000005,1.203,0.54
SA,Sean Elliott,F,19.0,19.0,20.6,6.0,0.3,2.2,2.5,1.5,0.63,0.11,1.0,1.8,1.5,2.0,5.6,0.358,0.7,1.9,0.35100000000000003,1.3,1.7,0.78,1.3,3.7,0.36200000000000004,1.075,0.42
SA,Samaki Walker,PF,71.0,7.0,13.8,5.1,1.1,2.7,3.8,0.5,0.14,0.49,0.9,1.5,0.6,1.9,4.3,0.449,0.0,0.0,0.0,1.2,1.8,0.68,1.9,4.3,0.449,1.18,0.45
SA,Felton Spencer,C,26.0,0.0,5.7,1.9,0.6,0.9,1.5,0.1,0.23,0.31,0.3,1.2,0.3,0.6,1.3,0.455,0.0,0.0,0.0,0.8,1.2,0.67,0.6,1.3,0.455,1.515,0.45
SA,Chucky Brown,F,30.0,27.0,20.1,6.3,0.4,2.2,2.6,1.4,0.27,0.33,0.9,1.8,1.5,2.7,5.9,0.466,0.0,0.1,0.33299999999999996,0.8,1.0,0.81,2.7,5.8,0.46799999999999997,1.08,0.47
SA,Mario Elie,G,79.0,79.0,28.1,7.5,0.6,2.5,3.2,2.4,0.92,0.11,1.6,2.0,1.5,2.5,5.8,0.42700000000000005,0.9,2.4,0.39799999999999996,1.6,1.9,0.85,1.6,3.4,0.446,1.291,0.51
SA,Jerome Kersey,F,72.0,18.0,18.2,4.5,0.8,2.3,3.1,1.0,0.93,0.65,0.7,2.2,1.4,2.0,4.9,0.41200000000000003,0.0,0.1,0.0,0.4,0.6,0.71,2.0,4.8,0.423,0.907,0.41
SA,Avery Johnson,PG,82.0,82.0,31.4,11.2,0.4,1.5,1.9,6.0,0.93,0.22,1.7,1.8,3.5,4.9,10.4,0.473,0.0,0.1,0.111,1.4,1.9,0.74,4.9,10.3,0.47700000000000004,1.081,0.47
SA,David Robinson,C,80.0,80.0,32.0,17.8,2.4,7.2,9.6,1.8,1.21,2.29,2.1,3.1,0.9,6.6,12.9,0.512,0.0,0.0,0.0,4.6,6.4,0.73,6.6,12.9,0.513,1.3840000000000001,0.51
SA,Terry Porter,G,68.0,8.0,23.7,9.4,0.4,2.5,2.8,3.3,0.74,0.13,1.5,1.2,2.2,3.0,6.8,0.447,1.3,3.0,0.435,2.0,2.5,0.81,1.7,3.8,0.457,1.3840000000000001,0.54
ATL,Dion Glover,SG,30.0,1.0,14.9,6.5,0.5,0.8,1.3,0.9,0.5,0.13,0.9,0.9,1.0,2.2,5.7,0.386,0.4,1.5,0.267,1.7,2.3,0.73,1.8,4.2,0.429,1.14,0.42
ATL,Jim Jackson,SF,79.0,76.0,35.0,16.7,1.3,3.7,5.0,2.9,0.72,0.13,2.3,2.1,1.2,6.4,15.6,0.41100000000000003,1.5,3.8,0.386,2.4,2.7,0.88,4.9,11.8,0.418,1.0659999999999998,0.46
ATL,LaPhonso Ellis,F,58.0,8.0,22.6,8.4,1.7,3.3,5.0,1.0,0.55,0.43,0.9,2.3,1.1,3.6,8.0,0.45,0.1,0.4,0.14300000000000002,1.1,1.6,0.69,3.5,7.6,0.465,1.05,0.45
ATL,Cal Bowdler,F,46.0,0.0,9.2,2.7,0.5,1.4,1.8,0.3,0.3,0.2,0.5,1.0,0.7,1.1,2.5,0.426,0.0,0.0,0.0,0.5,0.8,0.63,1.1,2.5,0.43,1.061,0.43
ATL,Lorenzen Wright,PF,75.0,0.0,16.1,6.0,1.6,2.5,4.1,0.3,0.39,0.53,0.9,2.7,0.3,2.4,4.8,0.499,0.0,0.0,0.33299999999999996,1.2,1.8,0.64,2.4,4.8,0.5,1.2409999999999999,0.5
ATL,Jason Terry,SG,81.0,27.0,23.3,8.1,0.3,1.8,2.0,4.3,1.11,0.12,1.9,1.6,2.2,3.1,7.4,0.415,0.6,1.9,0.293,1.4,1.7,0.81,2.5,5.5,0.45799999999999996,1.095,0.45
ATL,Dikembe Mutombo,C,82.0,82.0,36.4,11.5,3.7,10.4,14.1,1.3,0.33,3.28,2.1,3.0,0.6,3.9,7.0,0.562,0.0,0.0,0.0,3.6,5.1,0.71,3.9,7.0,0.562,1.6440000000000001,0.56
ATL,Chris Crawford,SF,55.0,11.0,12.1,4.6,0.9,0.9,1.8,0.6,0.31,0.29,0.7,1.5,0.9,1.7,4.2,0.397,0.1,0.5,0.259,1.1,1.5,0.78,1.6,3.7,0.41600000000000004,1.1,0.41
ATL,Roshown McLeod,F,44.0,20.0,19.5,7.2,0.9,2.2,3.1,1.2,0.36,0.11,1.3,1.9,0.9,3.0,7.5,0.395,0.0,0.3,0.154,1.2,1.6,0.77,3.0,7.2,0.40399999999999997,0.958,0.4
ATL,Drew Barry,G,8.0,0.0,9.3,2.4,0.0,0.5,0.5,2.0,0.0,0.0,0.9,1.1,2.3,0.8,1.9,0.4,0.5,1.1,0.444,0.4,0.4,1.0,0.3,0.8,0.33299999999999996,1.2670000000000001,0.53
ATL,Anthony Johnson,PG,38.0,2.0,11.1,2.4,0.4,0.6,1.0,1.6,0.61,0.05,0.6,1.1,2.5,0.9,2.7,0.35,0.0,0.2,0.16699999999999998,0.5,0.6,0.79,0.9,2.5,0.361,0.893,0.35
ATL,Isaiah Rider,G,60.0,47.0,34.7,19.3,1.1,3.3,4.3,3.7,0.68,0.1,2.8,2.2,1.3,7.5,17.9,0.419,0.9,3.0,0.311,3.4,4.3,0.78,6.6,14.9,0.441,1.08,0.44
ATL,Alan Henderson,PF,82.0,82.0,33.8,13.2,3.2,3.7,7.0,0.9,0.99,0.66,1.7,2.8,0.6,5.2,11.3,0.461,0.0,0.1,0.1,2.7,4.1,0.67,5.2,11.2,0.465,1.165,0.46
ATL,Bimbo Coles,PG,80.0,54.0,24.1,8.1,0.4,1.8,2.2,3.6,0.73,0.14,1.3,2.2,2.8,3.5,7.6,0.455,0.1,0.5,0.205,1.1,1.3,0.82,3.4,7.1,0.47200000000000003,1.063,0.46
MIA,Alonzo Mourning,C,79.0,78.0,34.8,21.7,2.7,6.8,9.5,1.6,0.51,3.72,2.7,3.9,0.6,8.3,15.0,0.551,0.0,0.1,0.0,5.2,7.4,0.71,8.3,14.9,0.5529999999999999,1.4509999999999998,0.55
MIA,Voshon Lenard,SG,53.0,13.0,27.1,11.9,0.7,2.2,2.9,2.6,0.77,0.28,1.5,2.4,1.7,4.3,10.6,0.40700000000000003,1.7,4.3,0.39,1.6,2.0,0.79,2.6,6.3,0.419,1.123,0.49
MIA,Clarence Weatherspoon,PF,78.0,2.0,20.7,7.2,1.6,4.1,5.8,1.2,0.65,0.63,1.3,2.1,0.9,2.8,5.4,0.513,0.0,0.0,0.0,1.7,2.3,0.74,2.8,5.4,0.513,1.348,0.51
MIA,Rodney Buford,SF,34.0,0.0,11.4,4.3,0.3,1.1,1.4,0.6,0.29,0.24,0.3,1.3,2.3,1.8,4.4,0.41100000000000003,0.2,0.9,0.24100000000000002,0.5,0.6,0.73,1.6,3.5,0.451,0.9740000000000001,0.43
MIA,Harold Jamison,F,12.0,0.0,6.2,1.5,1.3,0.4,1.8,0.3,0.17,0.08,0.3,1.4,1.0,0.6,1.7,0.35,0.0,0.0,0.0,0.3,1.5,0.22,0.6,1.7,0.35,0.9,0.35
MIA,Tim Hardaway,G,52.0,52.0,32.2,13.4,0.5,2.4,2.9,7.4,0.94,0.08,2.3,2.2,3.2,4.7,12.3,0.386,1.8,4.9,0.36700000000000005,2.1,2.6,0.83,2.9,7.4,0.39799999999999996,1.091,0.46
MIA,P.J. Brown,PF,80.0,80.0,28.8,9.6,2.7,4.8,7.5,1.8,0.81,0.76,1.3,3.3,1.5,4.0,8.4,0.48,0.0,0.0,0.0,1.5,2.0,0.75,4.0,8.4,0.48100000000000004,1.139,0.48
MIA,Bruce Bowen,SF,27.0,2.0,21.0,5.1,0.5,1.7,2.2,0.7,0.52,0.37,0.5,3.0,1.3,1.7,4.5,0.38,1.0,2.1,0.46399999999999997,0.7,1.1,0.61,0.7,2.4,0.308,1.1320000000000001,0.49
MIA,Tim James,F,4.0,0.0,5.8,2.8,0.8,0.3,1.0,0.5,0.0,0.75,0.5,0.3,1.0,1.3,3.5,0.35700000000000004,0.0,0.0,0.0,0.3,0.8,0.33,1.3,3.5,0.35700000000000004,0.7859999999999999,0.36
MIA,Otis Thorpe,C,51.0,1.0,15.2,5.5,1.1,2.2,3.3,0.6,0.51,0.18,1.2,2.7,0.6,2.5,4.8,0.514,0.0,0.1,0.0,0.6,0.9,0.6,2.5,4.7,0.521,1.148,0.51
MIA,Duane Causwell,C,25.0,2.0,7.4,2.6,0.4,1.4,1.9,0.1,0.08,0.64,0.4,1.7,0.2,0.8,1.5,0.541,0.0,0.0,0.0,1.0,1.5,0.68,0.8,1.5,0.541,1.784,0.54
MIA,Mark Strickland,F,58.0,5.0,11.4,4.9,0.8,1.7,2.4,0.4,0.26,0.31,0.4,1.2,0.9,2.1,3.9,0.545,0.0,0.0,0.0,0.7,1.0,0.71,2.1,3.9,0.545,1.268,0.54
MIA,Jamal Mashburn,SF,76.0,76.0,37.2,17.5,0.8,4.2,5.0,3.9,1.04,0.18,2.4,2.8,1.7,6.8,15.2,0.445,1.5,3.7,0.40299999999999997,2.4,3.1,0.78,5.3,11.5,0.45799999999999996,1.147,0.49
MIA,Dan Majerle,G,69.0,69.0,33.4,7.3,0.4,4.4,4.8,3.0,1.29,0.25,0.9,2.3,3.3,2.5,6.1,0.40299999999999997,1.6,4.4,0.36200000000000004,0.8,1.0,0.81,0.9,1.7,0.508,1.199,0.53
MIA,Rex Walters,G,33.0,0.0,11.8,2.8,0.2,0.8,1.1,2.0,0.18,0.0,0.9,1.3,2.2,1.2,2.8,0.418,0.2,0.6,0.25,0.4,0.5,0.75,1.0,2.2,0.465,1.022,0.45
MIA,Anthony Carter,PG,79.0,30.0,23.5,6.3,0.6,1.9,2.5,4.8,1.18,0.06,2.2,2.1,2.2,2.5,6.4,0.395,0.0,0.3,0.13,1.2,1.6,0.75,2.5,6.1,0.40700000000000003,0.978,0.4
ORL,Earl Boykins,PG,1.0,0.0,8.0,6.0,1.0,0.0,1.0,3.0,0.0,0.0,0.0,0.0,0.0,3.0,4.0,0.75,0.0,0.0,0.0,0.0,0.0,0.0,3.0,4.0,0.75,1.5,0.75
ORL,John Amaechi,PF,80.0,53.0,21.1,10.5,0.8,2.6,3.3,1.2,0.44,0.46,1.7,2.0,0.7,3.8,8.8,0.43700000000000006,0.0,0.1,0.16699999999999998,2.8,3.6,0.77,3.8,8.7,0.439,1.194,0.44
ORL,Bo Outlaw,PF,82.0,55.0,28.4,6.0,2.5,3.9,6.4,3.0,1.38,1.8,1.6,2.5,1.8,2.5,4.1,0.602,0.0,0.0,0.0,1.0,2.0,0.51,2.5,4.1,0.607,1.445,0.6
ORL,Johnny Taylor,F,5.0,0.0,5.8,2.2,0.4,0.6,1.0,0.2,0.2,0.2,0.4,0.8,0.5,1.0,2.4,0.41700000000000004,0.2,0.2,1.0,0.0,0.0,0.0,0.8,2.2,0.364,0.917,0.46
ORL,Ron Mercer,SG,31.0,31.0,31.3,15.2,1.1,2.0,3.2,1.7,1.35,0.26,2.1,2.5,0.8,6.1,15.1,0.402,0.0,0.3,0.0,3.0,3.8,0.79,6.1,14.8,0.41,1.004,0.4
ORL,Chucky Atkins,PG,82.0,0.0,19.8,9.5,0.2,1.3,1.5,3.7,0.63,0.04,1.7,1.7,2.2,3.8,9.0,0.424,0.7,2.0,0.35,1.2,1.6,0.73,3.1,7.0,0.445,1.055,0.46
ORL,Matt Harpring,SF,4.0,0.0,15.8,4.0,1.3,1.8,3.0,2.0,1.25,0.25,0.3,1.8,8.0,1.0,4.3,0.235,0.5,0.5,1.0,1.5,1.8,0.86,0.5,3.8,0.133,0.941,0.29
ORL,Anthony Johnson,PG,18.0,4.0,11.9,3.4,0.3,0.3,0.7,0.7,0.56,0.11,0.4,0.9,1.6,1.4,3.4,0.426,0.1,0.3,0.2,0.5,0.8,0.6,1.3,3.1,0.446,1.016,0.43
ORL,Ben Wallace,PF,81.0,81.0,24.2,4.8,2.6,5.6,8.2,0.8,0.89,1.6,0.8,2.0,1.0,2.1,4.1,0.503,0.0,0.0,0.0,0.7,1.4,0.47,2.1,4.1,0.503,1.168,0.5
ORL,Tariq Abdul-Wahad,SF,46.0,46.0,26.2,12.2,1.7,3.5,5.2,1.6,1.15,0.35,1.9,2.5,0.8,4.8,11.2,0.433,0.0,0.5,0.095,2.5,3.3,0.76,4.8,10.7,0.447,1.093,0.43
ORL,Darrell Armstrong,PG,82.0,82.0,31.6,16.2,0.8,2.5,3.3,6.1,2.06,0.11,3.0,1.7,2.0,5.9,13.6,0.433,1.7,4.9,0.34,2.7,3.0,0.91,4.2,8.7,0.485,1.189,0.49
ORL,Anthony Parker,SG,16.0,0.0,11.6,3.6,0.3,1.4,1.7,0.6,0.5,0.25,0.7,0.8,0.9,1.5,3.6,0.42100000000000004,0.1,0.9,0.071,0.5,0.7,0.73,1.4,2.7,0.535,1.0,0.43
ORL,Pat Garrity,PF,82.0,1.0,18.0,8.2,0.5,2.0,2.6,0.7,0.38,0.23,1.0,2.4,0.7,3.1,7.1,0.441,1.0,2.4,0.401,1.0,1.4,0.72,2.1,4.7,0.461,1.1540000000000001,0.51
ORL,Corey Maggette,SF,77.0,5.0,17.8,8.4,1.6,2.3,3.9,0.8,0.31,0.34,1.8,2.2,0.4,2.9,6.1,0.478,0.0,0.1,0.182,2.5,3.4,0.75,2.9,6.0,0.485,1.3769999999999998,0.48
ORL,Michael Doleac,C,81.0,29.0,16.5,7.0,1.1,3.0,4.1,0.8,0.36,0.42,0.8,2.8,1.0,3.0,6.6,0.452,0.0,0.0,0.5,1.0,1.2,0.84,3.0,6.6,0.452,1.056,0.45
ORL,Kiwane Garris,G,3.0,0.0,7.7,1.3,0.0,0.3,0.3,0.7,0.0,0.0,0.3,0.0,2.0,0.7,3.3,0.2,0.0,0.3,0.0,0.0,0.0,0.0,0.7,3.0,0.222,0.4,0.2
ORL,Monty Williams,SF,75.0,23.0,20.0,8.7,1.3,2.1,3.3,1.4,0.61,0.23,1.5,2.5,1.0,3.5,7.2,0.489,0.0,0.1,0.4,1.6,2.2,0.74,3.5,7.1,0.49,1.21,0.49
ORL,Derek Strong,F,20.0,0.0,7.4,2.7,0.6,1.7,2.2,0.2,0.25,0.1,0.6,0.8,0.3,1.1,2.4,0.43799999999999994,0.1,0.2,0.25,0.6,0.7,0.79,1.0,2.2,0.455,1.125,0.45
ORL,Chris Gatling,C,45.0,0.0,23.1,13.3,2.0,4.6,6.6,0.9,1.07,0.22,2.3,3.2,0.4,4.7,10.3,0.455,0.2,0.5,0.304,3.8,5.4,0.7,4.5,9.8,0.462,1.294,0.46
WSH,Richard Hamilton,SG,71.0,12.0,19.3,9.0,0.5,1.3,1.8,1.5,0.39,0.08,1.2,2.0,1.3,3.6,8.5,0.42,0.4,1.1,0.364,1.5,1.9,0.77,3.2,7.4,0.428,1.056,0.44
WSH,Tracy Murray,SF,80.0,8.0,22.9,10.2,0.8,2.6,3.4,0.9,0.56,0.3,1.1,2.3,0.9,3.6,8.4,0.433,1.4,3.3,0.43,1.5,1.8,0.85,2.2,5.1,0.435,1.213,0.52
WSH,Laron Profit,SG,33.0,1.0,6.8,1.5,0.1,0.7,0.8,0.8,0.21,0.12,0.6,0.8,1.3,0.6,1.8,0.35600000000000004,0.1,0.5,0.17600000000000002,0.1,0.3,0.4,0.5,1.3,0.429,0.831,0.38
WSH,Chris Whitney,PG,82.0,15.0,19.8,7.8,0.2,1.4,1.6,3.8,0.67,0.06,1.3,2.0,2.9,2.6,6.4,0.41700000000000004,1.2,3.1,0.376,1.4,1.6,0.85,1.4,3.3,0.455,1.232,0.51
WSH,Reggie Jordan,G,36.0,0.0,6.8,1.1,0.4,0.7,1.1,0.9,0.33,0.06,0.5,0.8,1.7,0.5,1.5,0.321,0.0,0.0,0.0,0.2,0.4,0.54,0.5,1.5,0.327,0.774,0.32
WSH,Michael Smith,F,46.0,46.0,24.9,6.3,2.6,4.6,7.2,1.2,0.59,0.5,1.0,2.8,1.2,2.3,4.2,0.563,0.0,0.0,0.0,1.6,2.2,0.72,2.3,4.2,0.565,1.505,0.56
WSH,Mitch Richmond,G,74.0,69.0,32.4,17.4,0.5,2.4,2.9,2.5,1.49,0.18,2.1,2.6,1.2,6.0,14.2,0.426,1.3,3.3,0.386,4.0,4.6,0.88,4.7,10.9,0.43799999999999994,1.225,0.47
WSH,Gerard King,F,62.0,28.0,17.1,5.3,1.4,2.7,4.0,0.8,0.55,0.24,0.7,2.1,1.2,2.2,4.5,0.502,0.0,0.0,0.0,0.8,1.1,0.74,2.2,4.5,0.502,1.181,0.5
WSH,Lorenzo Williams,C,8.0,0.0,9.5,1.8,1.5,1.6,3.1,0.1,0.38,0.75,0.4,1.6,0.3,0.9,1.1,0.778,0.0,0.0,0.0,0.0,0.0,0.0,0.9,1.1,0.778,1.556,0.78
WSH,Juwan Howard,PF,82.0,82.0,35.5,14.9,1.6,4.1,5.7,3.0,0.82,0.26,2.7,3.6,1.1,6.2,13.5,0.45899999999999996,0.0,0.1,0.0,2.5,3.4,0.73,6.2,13.4,0.462,1.101,0.46
WSH,Isaac Austin,C,59.0,23.0,19.9,6.7,1.1,3.7,4.8,1.3,0.29,0.64,1.8,2.2,0.7,2.6,6.0,0.429,0.0,0.1,0.25,1.6,2.3,0.69,2.6,5.9,0.431,1.128,0.43
WSH,Don Reid,F,17.0,0.0,19.6,6.4,1.5,3.0,4.5,0.6,1.12,1.12,0.7,4.3,0.8,2.6,4.6,0.564,0.0,0.0,0.0,1.2,1.6,0.75,2.6,4.6,0.564,1.3969999999999998,0.56
WSH,Rod Strickland,PG,69.0,67.0,31.7,12.6,1.1,2.7,3.8,7.5,1.36,0.26,2.7,2.1,2.8,4.7,11.0,0.429,0.0,0.3,0.048,3.1,4.4,0.7,4.7,10.7,0.44,1.14,0.43
WSH,Jahidi White,C,80.0,59.0,19.2,7.1,2.5,4.4,6.9,0.2,0.39,1.04,1.2,2.9,0.2,2.9,5.6,0.507,0.0,0.0,0.0,1.4,2.6,0.54,2.9,5.6,0.507,1.264,0.51
WSH,Calvin Booth,C,11.0,0.0,13.0,3.8,1.4,1.5,2.9,0.6,0.27,1.27,0.5,2.1,1.2,1.5,4.2,0.348,0.0,0.0,0.0,0.9,1.3,0.71,1.5,4.2,0.348,0.9129999999999999,0.35
WSH,Aaron Williams,C,81.0,0.0,19.1,7.6,2.0,3.1,5.0,0.7,0.51,1.14,1.0,2.9,0.7,2.9,5.6,0.522,0.0,0.0,0.0,1.8,2.5,0.73,2.9,5.6,0.526,1.369,0.52
DEN,Raef LaFrentz,C,81.0,80.0,30.1,12.4,2.1,5.8,7.9,1.2,0.52,2.22,1.2,3.6,1.0,4.8,10.9,0.446,0.7,2.3,0.32799999999999996,2.0,2.9,0.69,4.1,8.6,0.47700000000000004,1.1440000000000001,0.48
DEN,James Posey,SF,81.0,77.0,25.3,8.2,1.0,2.9,3.9,1.8,1.21,0.41,1.2,2.6,1.5,2.8,6.6,0.429,1.0,2.7,0.373,1.5,1.9,0.8,1.8,3.9,0.46799999999999997,1.235,0.51
DEN,Chris Herren,G,45.0,1.0,13.3,3.1,0.3,0.9,1.2,2.5,0.33,0.04,0.9,1.6,2.6,1.0,2.8,0.363,0.5,1.5,0.358,0.6,0.9,0.68,0.5,1.3,0.368,1.137,0.46
DEN,Ron Mercer,SG,37.0,37.0,38.1,18.3,0.8,3.3,4.1,2.8,0.89,0.41,2.4,2.0,1.2,7.4,16.5,0.444,0.4,1.1,0.385,3.2,4.1,0.79,7.0,15.4,0.449,1.1079999999999999,0.46
DEN,Antonio McDyess,PF,81.0,81.0,33.3,19.1,2.9,5.6,8.5,2.0,0.85,1.72,2.8,3.9,0.7,7.6,15.0,0.507,0.0,0.0,0.0,4.0,6.4,0.63,7.6,15.0,0.508,1.281,0.51
DEN,Bryant Stith,G,45.0,6.0,15.4,5.6,0.5,1.4,1.9,1.4,0.4,0.27,0.7,1.2,1.8,1.9,4.2,0.455,0.4,1.2,0.304,1.4,1.7,0.83,1.5,3.0,0.519,1.339,0.5
DEN,Keon Clark,PF,81.0,20.0,22.8,8.6,2.0,4.2,6.2,0.9,0.56,1.41,1.5,2.9,0.6,3.5,6.5,0.542,0.0,0.1,0.125,1.5,2.2,0.69,3.5,6.4,0.5479999999999999,1.314,0.54
DEN,Tariq Abdul-Wahad,SF,15.0,10.0,24.9,8.9,1.6,1.9,3.5,1.7,0.4,0.8,1.3,2.1,1.4,3.4,8.7,0.389,0.1,0.1,0.5,2.1,2.8,0.74,3.3,8.6,0.38799999999999996,1.023,0.39
DEN,Popeye Jones,PF,40.0,1.0,8.3,2.6,1.0,1.6,2.6,0.5,0.08,0.15,0.3,1.3,1.5,1.1,2.6,0.423,0.1,0.1,0.667,0.4,0.5,0.74,1.0,2.5,0.41600000000000004,1.0,0.43
DEN,Chauncey Billups,PG,13.0,5.0,23.5,8.6,0.6,2.0,2.6,3.0,0.77,0.15,1.8,2.1,1.6,2.6,7.8,0.337,0.5,3.2,0.171,2.8,3.4,0.84,2.1,4.6,0.45,1.109,0.37
DEN,Ryan Bowen,SF,52.0,0.0,11.3,2.5,1.4,0.8,2.2,0.4,0.75,0.25,0.3,1.8,1.4,0.9,2.3,0.39299999999999996,0.0,0.2,0.111,0.7,1.0,0.72,0.9,2.1,0.41700000000000004,1.12,0.4
DEN,Johnny Taylor,F,1.0,0.0,5.0,0.0,0.0,1.0,1.0,0.0,0.0,0.0,0.0,1.0,0.0,0.0,2.0,0.0,0.0,0.0,0.0,0.0,0.0,0.0,0.0,2.0,0.0,0.0,0.0
DEN,Roy Rogers,F,40.0,0.0,8.9,2.2,0.8,1.2,2.0,0.2,0.05,0.95,0.3,0.9,0.9,0.9,2.2,0.39799999999999996,0.0,0.0,0.0,0.5,1.0,0.46,0.9,2.2,0.402,1.011,0.4
DEN,George McCloud,F,78.0,11.0,27.2,10.1,0.9,2.7,3.7,3.2,0.62,0.33,1.7,2.3,1.8,3.4,8.2,0.41700000000000004,1.4,3.6,0.37799999999999995,1.9,2.3,0.82,2.0,4.6,0.44799999999999995,1.234,0.5
DEN,Nick Van Exel,PG,79.0,79.0,37.3,16.1,0.4,3.5,3.9,9.0,0.86,0.14,2.8,1.9,3.2,6.0,15.4,0.39,1.7,5.1,0.332,2.5,3.0,0.82,4.3,10.3,0.419,1.051,0.44
DEN,Chris Gatling,C,40.0,0.0,19.3,10.4,1.6,3.6,5.1,0.8,0.85,0.33,1.6,2.6,0.5,3.9,8.5,0.456,0.3,1.2,0.23399999999999999,2.4,3.2,0.74,3.6,7.3,0.491,1.224,0.47
DEN,Cory Alexander,PG,29.0,2.0,11.3,2.8,0.3,1.2,1.4,2.0,0.83,0.07,1.0,1.3,2.1,1.0,3.4,0.28600000000000003,0.3,1.2,0.257,0.6,0.8,0.77,0.7,2.2,0.302,0.8370000000000001,0.33
MIN,Sam Mitchell,F,66.0,24.0,18.6,6.5,0.4,1.7,2.1,1.7,0.41,0.21,0.7,1.8,2.5,2.5,5.7,0.447,0.2,0.3,0.435,1.2,1.4,0.88,2.3,5.4,0.44799999999999995,1.136,0.46
MIN,Will Avery,G,59.0,1.0,8.2,2.6,0.1,0.5,0.7,1.5,0.24,0.03,0.7,1.0,2.1,0.9,3.1,0.309,0.3,1.1,0.28600000000000003,0.4,0.6,0.67,0.6,2.0,0.322,0.851,0.36
MIN,Tom Hammonds,F,56.0,0.0,6.6,2.1,0.6,1.2,1.8,0.2,0.14,0.05,0.4,1.0,0.5,0.8,1.7,0.433,0.0,0.0,0.0,0.6,1.0,0.59,0.8,1.7,0.433,1.206,0.43
MIN,Anthony Peeler,SG,82.0,22.0,25.3,9.8,0.7,2.1,2.8,2.4,0.76,0.12,1.0,2.1,2.3,3.9,8.8,0.436,1.0,3.1,0.33299999999999996,1.1,1.3,0.8,2.9,5.7,0.491,1.109,0.49
MIN,Joe Smith,PF,78.0,9.0,25.3,9.9,2.4,3.8,6.2,1.1,0.58,1.09,1.5,3.9,0.7,3.7,8.0,0.46399999999999997,0.0,0.0,1.0,2.5,3.3,0.76,3.7,8.0,0.46299999999999997,1.242,0.46
MIN,Kevin Garnett,PF,81.0,81.0,40.0,22.9,2.8,9.0,11.8,5.0,1.48,1.56,3.3,2.5,1.5,9.4,18.8,0.49700000000000005,0.4,1.0,0.37,3.8,5.0,0.76,9.0,17.8,0.504,1.217,0.51
MIN,Bobby Jackson,PG,73.0,10.0,14.2,5.1,0.7,1.4,2.1,2.4,0.66,0.1,0.8,1.6,3.0,1.9,4.7,0.405,0.2,0.6,0.28300000000000003,1.0,1.3,0.78,1.7,4.1,0.423,1.0659999999999998,0.42
MIN,Terrell Brandon,PG,71.0,71.0,36.4,17.1,0.6,2.7,3.4,8.9,1.89,0.42,2.6,2.2,3.4,6.8,14.7,0.466,0.7,1.9,0.402,2.6,2.9,0.9,6.1,12.8,0.47600000000000003,1.163,0.49
MIN,Wally Szczerbiak,SG,73.0,53.0,29.7,11.6,1.2,2.5,3.7,2.8,0.79,0.32,1.1,2.4,2.4,4.7,9.2,0.511,0.4,1.1,0.359,1.8,2.2,0.83,4.3,8.1,0.531,1.263,0.53
MIN,Malik Sealy,G,82.0,61.0,29.2,11.3,1.5,2.8,4.3,2.4,0.93,0.23,1.3,2.4,1.8,4.5,9.5,0.47600000000000003,0.1,0.4,0.28600000000000003,2.2,2.7,0.81,4.4,9.1,0.485,1.1909999999999998,0.48
MIN,Rasho Nesterovic,C,82.0,55.0,21.0,5.7,1.6,3.0,4.6,1.1,0.26,1.04,0.9,3.2,1.3,2.5,5.3,0.47600000000000003,0.0,0.0,0.0,0.7,1.3,0.57,2.5,5.3,0.478,1.088,0.48
MIN,Andrae Patterson,F,5.0,0.0,4.0,1.2,0.2,0.2,0.4,0.2,0.2,0.0,0.2,0.8,1.0,0.6,0.8,0.75,0.0,0.0,0.0,0.0,0.0,0.0,0.6,0.8,0.75,1.5,0.75
MIN,Dean Garrett,C,56.0,23.0,10.8,2.0,0.7,1.8,2.5,0.3,0.14,0.71,0.4,1.7,0.9,0.9,1.9,0.444,0.0,0.0,0.0,0.3,0.5,0.69,0.9,1.9,0.444,1.056,0.44
OKC,Chuck Person,F,37.0,0.0,9.2,2.8,0.2,1.3,1.4,0.6,0.14,0.05,0.3,1.5,1.8,1.0,3.3,0.301,0.6,2.6,0.253,0.1,0.2,0.5,0.4,0.7,0.46399999999999997,0.8290000000000001,0.4
OKC,Greg Foster,C,60.0,5.0,12.0,3.4,0.3,1.5,1.8,0.7,0.17,0.3,0.5,1.8,1.5,1.5,3.7,0.406,0.1,0.3,0.2,0.3,0.5,0.64,1.4,3.4,0.42100000000000004,0.9059999999999999,0.41
OKC,Vernon Maxwell,G,47.0,0.0,21.0,10.9,0.3,1.4,1.7,1.6,0.81,0.19,1.1,1.8,1.4,3.6,10.4,0.345,1.4,4.7,0.3,2.3,3.1,0.73,2.2,5.7,0.382,1.047,0.41
OKC,Vladimir Stepania,C,30.0,1.0,6.7,2.5,0.7,0.9,1.6,0.1,0.33,0.37,0.7,1.5,0.1,1.0,2.6,0.36700000000000005,0.0,0.2,0.0,0.6,1.2,0.47,1.0,2.4,0.397,0.9490000000000001,0.37
OKC,Ruben Patterson,PF,81.0,74.0,25.9,11.6,2.7,2.7,5.4,1.6,1.16,0.49,1.8,2.3,0.9,4.4,8.2,0.536,0.1,0.3,0.444,2.7,4.0,0.69,4.3,7.9,0.539,1.425,0.54
OKC,Jelani McCoy,PF,58.0,2.0,12.9,4.3,0.9,2.2,3.1,0.4,0.26,0.79,0.8,2.2,0.5,1.8,3.1,0.5760000000000001,0.0,0.0,0.0,0.8,1.6,0.49,1.8,3.1,0.5760000000000001,1.4069999999999998,0.58
OKC,Emanual Davis,G,54.0,2.0,13.0,4.0,0.3,1.6,1.9,1.3,0.7,0.09,0.8,1.3,1.6,1.5,4.1,0.364,0.6,1.9,0.301,0.5,0.7,0.68,0.9,2.2,0.419,0.986,0.43
OKC,Rashard Lewis,PF,82.0,8.0,19.2,8.2,1.5,2.5,4.1,0.9,0.76,0.44,1.0,2.0,0.9,3.4,6.9,0.486,0.5,1.5,0.33299999999999996,1.0,1.5,0.68,2.9,5.4,0.527,1.1909999999999998,0.52
OKC,Lazaro Borrell,F,17.0,6.0,9.8,3.6,0.8,1.5,2.4,0.6,0.35,0.18,0.4,0.5,1.7,1.6,3.7,0.444,0.0,0.2,0.0,0.4,0.6,0.55,1.6,3.5,0.467,0.9840000000000001,0.44
OKC,Brent Barry,SG,80.0,74.0,34.1,11.8,0.6,4.0,4.7,3.6,1.29,0.39,1.8,2.9,2.0,4.1,8.8,0.46299999999999997,2.1,5.0,0.41100000000000003,1.6,2.0,0.81,2.0,3.8,0.529,1.337,0.58
OKC,Fred Vinson,G,8.0,0.0,5.0,1.6,0.0,0.1,0.1,0.0,0.38,0.0,0.5,0.3,0.0,0.6,2.1,0.294,0.3,0.9,0.28600000000000003,0.1,0.3,0.5,0.3,1.2,0.3,0.765,0.35
OKC,Shammond Williams,PG,43.0,5.0,12.0,5.2,0.3,0.9,1.2,1.8,0.42,0.0,0.9,0.9,2.0,2.0,5.2,0.373,0.6,1.9,0.29600000000000004,0.8,1.2,0.65,1.4,3.3,0.41700000000000004,1.0,0.43
OKC,Gary Payton,PG,82.0,82.0,41.8,24.2,1.2,5.2,6.5,8.9,1.87,0.22,2.7,2.2,3.3,9.1,20.3,0.44799999999999995,2.2,6.3,0.34,3.8,5.2,0.74,6.9,14.0,0.49700000000000005,1.19,0.5
OKC,Horace Grant,C,76.0,76.0,35.4,8.1,2.2,5.6,7.8,2.5,0.72,0.79,0.8,2.5,3.1,3.5,7.9,0.444,0.0,0.1,0.0,1.1,1.5,0.72,3.5,7.8,0.447,1.022,0.44
OKC,Vin Baker,PF,79.0,75.0,36.1,16.6,2.9,4.8,7.7,1.9,0.59,0.84,2.7,3.6,0.7,6.5,14.3,0.455,0.0,0.1,0.25,3.6,5.2,0.68,6.5,14.2,0.457,1.161,0.46
POR,Detlef Schrempf,F,77.0,6.0,21.6,7.5,1.0,3.3,4.3,2.6,0.48,0.22,1.3,2.4,2.0,2.4,5.6,0.43200000000000005,0.3,0.7,0.40399999999999997,2.3,2.8,0.83,2.1,4.9,0.436,1.3259999999999998,0.46
POR,Joe Kleine,C,7.0,0.0,4.4,1.6,0.0,0.9,0.9,0.3,0.14,0.0,0.3,1.0,1.0,0.6,1.6,0.364,0.0,0.0,0.0,0.4,0.4,1.0,0.6,1.6,0.364,1.0,0.36
POR,Bonzi Wells,SG,66.0,0.0,17.6,8.8,1.2,1.6,2.8,1.5,1.05,0.18,1.5,2.3,1.0,3.6,7.3,0.49200000000000005,0.3,0.8,0.377,1.3,2.0,0.68,3.3,6.5,0.506,1.208,0.51
POR,Arvydas Sabonis,C,66.0,61.0,25.6,11.8,1.5,6.3,7.8,1.8,0.65,1.18,1.5,2.8,1.2,4.6,9.1,0.505,0.1,0.3,0.368,2.5,3.0,0.84,4.5,8.8,0.509,1.301,0.51
POR,Damon Stoudamire,PG,78.0,78.0,30.4,12.5,0.8,2.3,3.1,5.2,0.99,0.01,1.9,2.2,2.7,4.9,11.5,0.43200000000000005,1.0,2.7,0.377,1.6,1.9,0.84,3.9,8.8,0.449,1.089,0.48
POR,Stacey Augmon,SF,59.0,0.0,11.7,3.4,0.7,1.3,2.0,0.9,0.46,0.19,0.6,1.2,1.4,1.4,3.0,0.474,0.0,0.0,0.0,0.6,0.9,0.67,1.4,3.0,0.48,1.16,0.47
POR,Brian Grant,PF,63.0,14.0,21.0,7.3,1.9,3.5,5.5,1.0,0.51,0.44,1.3,2.6,0.8,2.7,5.6,0.491,0.0,0.0,0.5,1.8,2.6,0.67,2.7,5.6,0.491,1.304,0.49
POR,Gary Grant,G,3.0,0.0,8.0,4.0,0.0,1.0,1.0,0.3,0.33,0.0,0.7,1.0,0.5,2.0,4.7,0.429,0.0,0.0,0.0,0.0,0.0,0.0,2.0,4.7,0.429,0.857,0.43
POR,Scottie Pippen,SF,82.0,82.0,33.5,12.5,1.4,4.9,6.3,5.0,1.43,0.5,2.5,2.5,2.0,4.7,10.5,0.451,1.0,3.2,0.327,2.0,2.7,0.72,3.7,7.3,0.506,1.188,0.5
POR,Jermaine O'Neal,C,70.0,8.0,12.3,3.9,1.4,1.9,3.3,0.3,0.16,0.79,0.7,1.8,0.4,1.5,3.2,0.486,0.0,0.0,0.0,0.8,1.4,0.58,1.5,3.2,0.489,1.23,0.49
POR,Greg Anthony,G,82.0,3.0,18.9,6.3,0.2,1.4,1.6,2.5,0.72,0.11,1.0,1.7,2.4,2.1,5.1,0.406,1.1,2.8,0.37799999999999995,1.1,1.4,0.77,1.0,2.3,0.44299999999999995,1.236,0.51
POR,Antonio Harvey,F,19.0,0.0,7.2,2.2,0.4,1.3,1.7,0.3,0.05,0.32,0.6,1.1,0.4,0.9,1.6,0.5670000000000001,0.0,0.0,0.0,0.4,0.6,0.58,0.9,1.6,0.5670000000000001,1.367,0.57
POR,Rasheed Wallace,PF,81.0,77.0,35.1,16.4,1.6,5.4,7.0,1.8,1.07,1.32,1.9,2.7,0.9,6.7,12.9,0.519,0.1,0.6,0.16,2.9,4.1,0.7,6.6,12.3,0.537,1.268,0.52
POR,Steve Smith,SG,82.0,81.0,32.8,14.9,1.5,2.3,3.8,2.5,0.87,0.38,1.4,2.6,1.8,5.1,11.0,0.467,1.2,2.9,0.39799999999999996,3.5,4.1,0.85,3.9,8.1,0.49200000000000005,1.361,0.52
UTAH,Jacque Vaughn,PG,78.0,0.0,11.3,3.7,0.1,0.7,0.8,1.6,0.41,0.0,1.0,1.2,1.6,1.4,3.4,0.41600000000000004,0.2,0.4,0.41200000000000003,0.7,1.0,0.75,1.2,3.0,0.41700000000000004,1.103,0.44
UTAH,John Stockton,G,82.0,82.0,29.7,12.1,0.5,2.1,2.6,8.6,1.74,0.18,2.2,2.3,3.9,4.4,8.8,0.501,0.5,1.5,0.355,2.7,3.1,0.86,3.9,7.3,0.53,1.3659999999999999,0.53
UTAH,Scott Padgett,PF,47.0,9.0,9.2,2.6,0.5,1.4,1.9,0.5,0.3,0.17,0.5,1.2,1.1,0.9,3.0,0.314,0.3,0.9,0.295,0.4,0.6,0.7,0.6,2.1,0.32299999999999995,0.857,0.36
UTAH,Quincy Lewis,SG,74.0,0.0,12.1,3.8,0.6,0.9,1.5,0.5,0.32,0.2,0.6,2.1,0.9,1.5,4.0,0.37200000000000005,0.3,0.9,0.365,0.5,0.7,0.73,1.2,3.1,0.374,0.95,0.41
UTAH,Howard Eisley,PG,82.0,5.0,25.6,8.6,0.3,1.8,2.1,4.2,0.72,0.11,1.6,2.7,2.6,3.4,8.2,0.418,0.7,2.0,0.368,1.0,1.2,0.82,2.7,6.2,0.434,1.0490000000000002,0.46
UTAH,Bryon Russell,SF,82.0,70.0,35.4,14.1,1.2,4.0,5.2,1.9,1.56,0.28,1.2,3.1,1.6,5.0,11.1,0.446,1.3,3.3,0.396,2.9,3.9,0.75,3.7,7.8,0.467,1.268,0.5
UTAH,Karl Malone,PF,82.0,82.0,35.9,25.5,2.1,7.4,9.5,3.7,0.96,0.87,2.8,2.8,1.3,9.2,18.0,0.509,0.0,0.1,0.25,7.2,9.0,0.8,9.2,17.9,0.511,1.419,0.51
UTAH,Adam Keefe,F,62.0,3.0,9.7,2.2,0.7,1.5,2.2,0.5,0.27,0.21,0.7,1.5,0.7,0.9,2.1,0.408,0.0,0.0,0.0,0.5,0.6,0.81,0.9,2.1,0.41100000000000003,1.038,0.41
UTAH,Olden Polynice,C,82.0,79.0,22.2,5.3,2.0,3.5,5.5,0.5,0.37,1.02,0.9,3.2,0.5,2.5,4.9,0.51,0.0,0.0,0.5,0.3,1.1,0.31,2.5,4.9,0.51,1.093,0.51
UTAH,Pete Chilcutt,F,26.0,0.0,8.6,1.8,0.6,1.1,1.7,0.4,0.19,0.15,0.3,1.2,1.1,0.8,2.4,0.355,0.0,0.4,0.1,0.1,0.1,1.0,0.8,2.0,0.40399999999999997,0.758,0.36
UTAH,Greg Ostertag,C,81.0,3.0,19.8,4.5,2.1,3.8,6.0,0.2,0.25,2.12,1.0,2.4,0.2,1.5,3.3,0.46399999999999997,0.0,0.0,0.0,1.5,2.3,0.64,1.5,3.3,0.466,1.375,0.46
UTAH,Jeff Hornacek,G,77.0,77.0,27.7,12.4,0.6,1.7,2.4,2.6,0.86,0.21,1.5,1.9,1.8,4.6,9.5,0.49200000000000005,0.9,1.8,0.478,2.2,2.3,0.95,3.7,7.7,0.495,1.3090000000000002,0.54
UTAH,Armen Gilliam,F,50.0,0.0,15.6,6.7,1.4,2.7,4.2,0.8,0.24,0.32,1.1,1.7,0.8,2.7,6.1,0.436,0.0,0.0,0.0,1.3,1.7,0.78,2.7,6.1,0.43799999999999994,1.092,0.44
